标题,标签,2,…,在,4,：,人,是,有,什么,做,震惊,这样,不,就,个,都,这,3,！,？
好养疯长花草大盘点，不用悉心照料，咋养都爆盆，养花杀手必备！,1,0,0,0,0,0,0,0,0,0,0,0,0,0,0,0,16,0,0,48,0
为什么减肥不能只看体重？因为人体70％都是水，减掉脂肪得这样做,0,0,0,0,0,0,0,10,0,11,0,0,0,0,0,0,16,0,0,0,53
如何安排自己的一周训练？这套方案请收藏好,1,0,0,0,0,0,0,0,0,0,0,0,0,0,0,0,0,0,0,0,53
我害怕喝茶的人,0,0,0,0,0,0,10,0,0,0,0,0,0,0,0,0,0,0,0,0,0
无脑拯救烂根的龟背竹，竟然卓有成效,1,0,0,0,0,0,0,0,0,0,0,0,0,0,0,0,0,0,0,0,0
俄罗斯武术教练，号称套路女沙皇！,1,0,0,0,0,0,0,0,0,0,0,0,0,0,0,0,0,0,0,48,0
【钓鱼技巧】夏天钓鱼的4大套路,1,0,0,0,10,0,0,0,0,0,0,0,0,0,0,0,0,0,0,0,0
运动时，小腿突然抽筋了怎么办？,1,0,0,0,0,0,0,0,0,0,0,0,0,0,0,0,0,0,0,0,53
野生茶，风格的芬芳,1,0,0,0,0,0,0,0,0,0,0,0,0,0,0,0,0,0,0,0,0
两种天然养花水，碰上就别错过，换着给花浇水，新芽呼呼冒,1,0,0,0,0,0,0,0,0,0,0,0,0,0,15,0,0,0,0,0,0
文竹养养就黄叶？记住3个“关键点”，养出郁郁葱葱“小森林”,0,0,0,0,0,0,0,0,0,0,0,0,0,0,15,16,0,0,20,0,53
茅台PK二锅头，为什么90％的老外选择了二锅头,0,0,0,0,0,0,0,0,0,11,0,0,0,0,0,0,0,0,0,0,0
家中养球兰，光长枝条不开花？做好这3点，四季开花都不是事,0,0,0,0,0,0,0,0,0,0,0,0,15,15,0,0,16,17,20,0,53
野生博物馆能找出一件真品，算你赢,1,0,0,0,0,0,0,0,0,0,0,0,0,0,0,0,0,0,0,0,0
小白减脂第一步：什么才是真正的减脂餐？,1,0,0,0,0,10,0,10,0,11,0,0,0,0,0,0,0,0,0,0,53
每天坚持这几件小事，让你远离肥胖，保持好身材！,0,0,0,0,0,0,0,0,0,0,0,0,0,0,0,0,0,17,0,48,0
喝茶，其实是对自己最好的投资,1,0,0,0,0,0,0,10,0,0,0,0,0,0,0,0,0,0,0,0,0
舌尖上的中国茶叶：碧螺春茶的制作工艺,1,0,0,0,0,10,0,0,0,0,0,0,0,0,0,0,0,0,0,0,0
个子不足1米6的矮个子女生，健起身来会变成什么样？,0,0,0,0,0,0,0,0,0,11,0,0,0,0,0,0,0,0,0,0,53
中国瓶装水界的黑马，超越依云排名第三，年销量有望突破20亿瓶,1,0,0,0,0,0,0,0,0,0,0,0,0,0,0,0,0,0,0,0,0
花期超长又容易开花的四季秋海棠，养了几盆，几乎可以全年开花,1,0,0,0,0,0,0,0,0,0,12,0,15,0,0,0,0,0,0,0,0
腿差点压断！健身女吹嘘静蹲900磅，结果惨被打脸！,1,0,0,0,0,0,0,0,0,0,0,0,0,0,0,0,0,0,0,48,0
小轻喔：80％ 的健身党不知道“冷饮”还能这么吃！只解暑不长肉！,0,0,0,0,0,10,0,0,0,0,0,0,0,15,0,0,0,0,0,48,0
汕大发起室内运动打卡，学生在线健身做瑜伽，有人早起跑半马,1,0,0,0,0,0,0,0,0,0,0,0,0,0,0,0,0,0,0,0,0
张伟丽打没锻炼过格斗的健美选手一米8的罗尼，网友：术业有专攻,1,0,0,0,0,10,0,0,11,0,0,0,0,0,0,0,0,0,0,0,0
每天吃都少，体重就是下不去！食物：谨防小体积高热量食物,1,0,0,0,0,10,0,0,0,0,0,0,0,0,0,0,16,0,0,48,0
《青你2》时尚芭莎造型上线！哪一种风格效果更打动你？,1,9,0,0,0,0,0,0,0,0,0,0,0,0,0,0,0,0,0,48,53
四季海棠几乎全年开花，且很容易爆盆，如何养护四季海棠？,1,0,0,0,0,0,0,0,0,0,0,0,15,0,0,0,0,0,0,0,53
趁着春末，给绿萝、君子兰喂点这种“营养水”，全年叶片绿油油,0,0,0,0,0,0,0,0,0,0,0,0,0,0,0,0,0,0,0,0,0
我离开了长沙，从此生活寡淡无奇,1,0,0,0,0,0,0,0,0,0,0,0,0,0,0,0,0,0,0,0,0
“头发长，见识短”，长头发真的会多吸营养让人变傻吗？不用相信,0,0,0,0,0,0,0,0,0,0,0,0,0,0,0,0,0,0,0,0,53
过去穷苦人才吃，如今极品野菜，广东人爱用它煲汤，俗称猪肝菜,1,0,0,0,0,0,0,0,0,0,0,0,0,0,0,0,0,0,0,0,0
【钓鱼技巧】夜钓鲤鱼的3种靠谱方法,1,0,0,0,0,0,0,0,0,0,0,0,0,0,0,0,0,0,20,0,0
据说吃了长寿，看上去如鸡蛋长刺，茄红素超番茄70倍，一斤卖30元,0,0,0,0,0,0,0,0,0,0,0,0,0,0,0,0,0,0,0,0,0
用车轮丈量生命，斯柯达陪您一起，享受“骑”妙新世界！,1,0,0,0,0,0,0,0,0,0,0,0,0,0,0,0,0,0,0,48,0
43岁的陈数，用瑜伽照见自己，一呼一吸皆优雅自然！,1,0,0,0,0,0,0,0,0,0,0,0,0,0,0,0,0,0,0,48,0
体重降下来就等于减肥吗？很多人都错了！,1,0,0,0,0,0,10,0,0,0,0,0,0,0,15,0,16,0,0,48,53
薄荷一开始叶子大又肥，天气一热两三天就变了，是什么情况？,1,0,0,0,0,0,0,10,0,11,0,0,0,0,15,0,0,0,0,0,53
农村一野草，人称“药王”和“神草”，比野人参还珍贵！,1,0,0,0,0,0,0,0,0,0,0,0,0,0,0,0,0,0,0,48,0
增肥最猛的4种主食，馒头米饭上不了榜，也许你天天都在吃,0,0,0,9,10,0,0,0,0,0,0,13,0,0,0,0,16,0,0,0,0
家里做饭用的锅污垢太脏？老妈只用了一招，立马清洁干净,0,0,0,0,0,0,0,0,0,0,0,0,0,0,0,0,0,0,0,0,53
这位开国将军不平凡，会练气功，练到103岁,1,0,0,0,0,0,0,0,0,0,0,0,0,15,0,0,0,0,0,0,0
“红糖”的英文真不是“red sugar”！千万别弄错了！,1,0,0,0,0,0,0,0,0,0,0,0,0,0,0,0,0,0,0,48,0
11种能在室内开大红色花朵的植物，养成盆栽后反而更好打理,1,0,0,9,0,0,0,0,0,0,0,0,0,0,0,0,0,0,0,0,0
10粒花生丢盆里，长成盆栽比吊兰好看！2个月后有惊喜！,1,9,0,0,0,0,0,0,11,0,0,0,0,0,0,16,0,0,0,48,0
GDP倒数、鲜为人知，为什么它还被称为四川北部“最重要”的城市？,1,0,0,0,0,0,0,0,0,11,0,0,0,0,0,0,0,0,0,0,53
如何避免鱼获成为负担,1,0,0,0,0,0,0,0,0,0,0,0,0,0,0,0,0,0,0,0,0
玩壶多年的紫砂壶老手，给新手的3点忠告,1,0,0,0,0,0,0,0,0,0,0,0,0,0,0,0,0,0,20,0,0
有间茶室，便是清福！,1,0,0,0,0,0,0,0,11,0,0,0,0,0,0,0,0,0,0,48,0
近照惊呆网友，70岁“婚纱女王”王薇薇分享保养秘诀,0,0,0,0,0,0,0,0,0,0,0,0,0,0,0,0,0,0,0,0,0
百润股份募资10亿加码烈酒 国内威士忌市场升温竞争加剧,1,0,0,0,0,0,0,0,0,0,0,0,0,0,0,0,0,0,0,0,0
认识铁人三项的训练,1,0,0,0,0,0,0,0,0,0,0,0,0,0,0,0,0,0,0,0,0
出海！钓鳕鱼！,1,0,0,0,0,0,0,0,0,0,0,0,0,0,0,0,0,0,0,48,0
栀子还没开花，叶子先黄了，养护注意这3点，叶子油亮开花香,0,0,0,0,0,0,0,0,0,0,0,0,15,0,0,0,0,17,20,0,0
通电就瘦腿？我试了1个月……,0,0,9,0,0,0,0,0,0,0,0,0,0,0,15,16,0,0,0,0,53
练瑜伽时，如何正确发力，避免伤害？你的发力对了吗？,1,0,0,0,0,0,0,0,0,0,0,0,0,0,0,0,0,0,0,0,53
有气息支持的歌唱是如何呼吸的呢？,1,0,0,0,0,0,0,10,11,0,0,0,0,0,0,0,0,0,0,0,53
何老师竟然知道R1SE的花名“壶”的由来,0,0,0,0,0,0,0,0,0,0,0,0,0,0,0,0,0,0,0,0,0
萧山年近90老爷子，劈叉下腰轻松做，这个柔韧性就问你服不服,0,0,0,0,0,0,0,0,0,0,0,0,0,0,15,0,0,0,0,0,0
倩狐：肥仔都是帅哥潜力股！李东W甩肥肉秀冰块腹肌,1,0,0,0,0,10,0,10,0,0,0,0,0,0,0,0,16,0,0,48,0
卡农嘉芙丽：德国名门的圣埃美隆名庄,1,0,0,0,0,10,0,0,0,0,0,0,0,0,0,0,0,0,0,0,0
为什么中国直男爱留尾指指甲？,0,0,0,0,0,0,0,0,0,11,0,0,0,0,0,0,0,0,0,0,53
这几种肥水真管用，补充营养不烧根，啥花都能用,1,0,0,0,0,0,0,0,0,0,0,0,0,0,0,0,0,17,0,0,0
看到第2个就哭了，哭着哭着就渴了……,0,9,9,0,0,0,0,0,0,0,0,0,0,0,15,16,0,0,0,0,0
老班章 滋味的故事,1,0,0,0,0,0,0,0,0,0,0,0,0,0,0,0,0,0,0,0,0
晚上多吃，脂肪燃烧推迟！早上多吃，能量消耗多1倍！,1,0,0,0,0,0,0,0,0,0,0,0,0,0,0,0,0,0,0,48,0
世界上最快速的手臂训练，8分钟毁灭二三头！,1,0,0,0,0,0,0,0,0,0,0,0,0,0,0,0,0,0,0,48,0
女生怎么降低体脂率？3方面改变，轻松甩掉脂肪，暴瘦30斤,0,0,0,0,0,0,0,0,0,0,0,0,0,0,0,0,0,0,20,0,53
佛罗里达州，30多人在法院门口做俯卧撑，企图让政府重新开放健身房,1,0,0,9,0,0,0,0,0,0,0,0,0,0,0,0,0,0,0,0,0
跑步机中的LV，野小兽P30横空出世，颜值和性能面面俱到,1,0,0,0,0,0,0,0,0,0,0,0,0,0,0,0,0,0,0,0,0
农村常见的刺儿菜，竟然还有这种大用处，后悔没早点采回家,0,0,0,0,0,0,0,0,0,0,0,0,0,0,0,0,0,0,0,0,0
阳台露台养一盆它，耐寒耐热，开花不停、清香怡人、变盆景老桩,0,0,0,0,0,0,0,0,0,0,12,0,15,0,0,0,0,0,0,0,0
原来保鲜膜在厨房还能这样用，难怪别人家的厨房很干净！,0,0,0,9,0,0,0,0,0,0,0,0,0,0,0,0,0,0,0,48,0
进行胸肌训练，卧推和俯卧撑哪个好？二者差异一目了然,1,0,0,0,0,0,0,0,0,0,0,0,0,0,0,0,0,0,0,0,53
徘徊在掉队边缘，苏州不想输,1,0,0,9,0,0,0,0,0,0,0,0,0,0,0,0,0,0,0,0,0
3种花吊起来养，漂亮不占地，高端大气上档次，人见人爱！,1,0,0,0,0,0,0,0,0,0,12,0,0,15,0,0,0,0,20,48,0
悉尼奥运会田径冠军：跑步机虽方便但也不能忽视对膝盖的伤害,1,0,0,0,0,10,0,0,0,0,0,0,0,0,0,0,0,0,0,0,0
坚持喝白酒对身体真的会有好处吗？真相被扒开，30年老酒鬼都不敢信,0,0,0,0,0,0,0,0,11,0,0,0,0,0,0,0,16,0,0,0,53
吃这9种食物可加速减脂，每个胖友都值得拥有！,0,0,0,0,0,0,0,0,0,0,0,13,0,0,0,0,16,17,0,48,0
养花常用“无机肥”土壤板结，推荐5种有机肥，越用土壤越疏松,1,0,0,0,0,0,0,0,0,0,0,13,0,0,0,0,0,0,0,0,0
桨板SUP-核心发力-中篇,1,0,0,0,0,0,0,0,0,0,0,0,0,0,0,0,0,0,0,0,0
除了taco，你了解其它墨西哥菜肴吗？,1,0,0,0,0,0,0,0,0,0,0,0,0,0,0,0,0,0,0,0,53
速溶也有手冲口感，星巴克新品尝鲜实测,1,0,0,0,0,0,0,0,11,0,0,0,0,0,0,0,0,0,0,0,0
9个芭蕾舞蹈腿部训练动作，紧致双腿肉肉！告别大象腿！,1,0,0,0,0,0,0,0,0,0,0,0,0,0,0,16,0,0,0,48,0
20个常用健身动作细节，你平常有认真做吗？,1,0,0,0,0,0,0,0,11,0,0,0,0,0,0,16,0,0,0,0,53
欧洲葡萄酒工业开展玻璃回收项目……,1,0,9,0,0,0,0,0,0,0,0,0,0,0,0,0,0,0,0,0,0
夏季即将来临，夏季适合喝什么茶好呢？,1,0,0,0,0,0,0,0,0,11,0,0,0,0,0,0,0,0,0,0,53
轻松跑，应该如何科学训练？,1,0,0,0,0,0,0,0,0,0,0,0,0,0,0,0,0,0,0,0,53
超8万人辞世，美国却诞生疯狂一幕！法院聚集抗议，当街做俯卧撑,0,0,0,0,0,0,0,0,0,0,0,0,0,0,0,0,0,0,0,48,0
20名美国人不戴口罩，街上做俯卧撑要求健身房开业，央视爆笑点评,1,0,0,0,0,0,10,0,0,0,0,0,0,15,0,0,0,0,0,0,0
瑜伽初学者，如何循序渐进的掌握瑜伽头倒立和手倒立？！,1,0,0,0,0,0,0,0,0,0,0,0,0,0,0,0,0,0,0,48,53
2020年第一次三岔湖钓鱼 鲤鱼连杆！,1,0,0,0,0,0,0,0,0,0,0,0,0,0,0,0,0,0,0,48,0
米其林之外，什么是意大利红虾指南,1,0,0,0,0,0,0,10,0,11,0,0,0,0,0,0,0,0,0,0,0
“先干为敬”??在乌兹别克斯坦体验茶道,1,0,0,9,0,0,0,0,0,0,0,0,0,0,0,0,0,0,0,0,0
叶面长满银白色斑纹的银叶葛，实际上也是绿萝的品种,1,0,0,0,0,0,0,10,0,0,0,0,0,0,0,0,0,0,0,0,0
周扬青，体重80斤的瘦身秘籍：有4种食物，从来都不会吃,0,0,0,0,10,10,0,0,11,0,0,13,0,0,0,0,16,0,0,0,0
大风呼呼刮，卫生间臭气熏天了，摆上几盆耐湿好养活的花,1,0,0,0,0,0,0,0,0,0,0,0,0,0,0,0,0,0,0,0,0
路边萱草开花美翻天，不如自己阳台种几棵，开花比头大！,1,0,0,0,0,0,0,0,0,0,0,13,15,0,0,0,0,0,0,48,0
“云健撸铁”何时了？疫情后健身消费5大趋势,1,0,0,0,0,0,0,0,0,0,0,0,0,0,0,0,0,0,0,0,53
军训时不注意“这3点”，运动越多越会“长胖”，活该异性缘贼差,0,0,0,0,0,0,0,0,0,0,0,0,0,15,0,0,0,17,20,0,0
鞋臭味如何祛除？教你三招，保你简单实用，再也不会尴尬了,1,0,0,0,0,0,0,0,0,0,0,0,0,0,0,0,0,0,0,0,53
怎么样分辨一款茶的好坏？,1,0,0,0,0,0,0,0,0,0,0,0,0,0,0,0,0,0,0,0,53
1996年原装销法沱：法文红标版，出口品质，传承下关百年经典！,1,0,0,0,0,10,0,0,0,0,0,0,0,0,0,0,0,0,0,48,0
白酒的香气和香型有没有关系？是从哪里来的？,1,0,0,0,0,0,0,0,0,0,0,0,0,0,0,0,0,0,0,0,53
泡一次就没有味道的白茶，是我的投茶量放少了吗？茶农为你支五招,1,0,0,0,0,0,0,10,0,0,0,0,0,0,15,0,0,0,0,0,53
《果酒通用技术要求》将于10月1日正式实施 四川果酒产业将迎重大利好！,1,0,0,0,0,0,0,0,0,0,0,0,0,0,0,0,0,0,0,48,0
土沙能扦插月季花吗？,1,0,0,0,0,0,0,0,0,0,0,0,0,0,0,0,0,0,0,0,53
这个夏天你有遇见喜欢的绿茶吗？,1,0,0,0,0,0,0,0,11,0,0,0,0,0,0,0,0,0,0,0,53
【钓鱼技巧】难怪夏季鲤鱼难钓，原来是钓位没选对,1,0,0,0,0,0,0,10,0,0,0,0,0,0,0,0,0,0,0,0,0
领悟人生、享受生活，才是真正的太极！,1,0,0,0,0,0,0,10,0,0,0,0,0,0,0,0,0,0,0,48,0
发现丛台头锅窖龄原浆酒的品质奥秘,1,0,0,0,0,0,0,0,0,0,0,0,0,0,0,0,0,0,0,0,0
夏季如何养好铜钱草？教你几招，可使叶片又大又圆、肥厚油绿,0,0,0,0,0,0,0,0,0,0,0,0,0,0,0,0,0,0,0,0,53
扦插花卉不生根？用1种“小东西”包裹，月季君子兰直冒“白根”,0,0,0,0,0,0,0,0,0,0,0,13,0,15,0,0,0,0,0,0,53
据说每个开花店的人，都经历了一次脱胎换骨,0,0,0,0,0,0,10,0,0,0,0,0,15,0,0,0,16,0,0,0,0
历史上首批红曲酒是怎么酿造出来的，朱丹溪如是说！,1,0,0,0,0,0,0,10,0,0,0,0,0,0,0,0,0,0,0,48,0
钓鱼不能忽略水层温差，对渔获影响大，附实例参考,1,0,0,0,0,0,0,0,0,0,0,0,0,0,0,0,0,0,0,0,0
还在刻意追求跑步的配速？知道这一层关系，或许你更愿意顺其自然,0,0,0,9,0,0,0,0,0,0,0,0,0,0,0,0,0,17,0,0,53
拒绝过度“甜蜜”，其实长肉的元凶，就在你身边,1,0,0,9,0,0,0,0,0,0,0,0,0,0,15,0,0,0,0,0,0
痛心！多名婴儿因喝这种“配方奶粉”发育停滞，变成“大头娃娃”,1,0,0,0,0,0,0,0,0,0,0,0,0,0,0,0,0,0,0,48,0
紫砂壶的5对“双胞胎”，你分得清吗？,1,0,0,0,0,0,0,0,0,0,0,0,0,0,0,0,0,0,0,0,53
拿起茶杯，放下心事！,1,0,0,0,0,0,0,0,0,0,0,0,0,0,0,0,0,0,0,48,0
这款特色的畅瑞啤酒加持你的整个夏日！让你一秒沦陷……,1,0,9,0,0,0,0,0,0,0,0,0,0,0,0,0,0,17,0,48,0
“吉娃娃”名满多肉界，株形像莲花，叶尖粉红，这么美谁不爱,1,0,0,0,0,0,0,0,0,0,0,0,0,15,0,0,0,0,0,0,0
室内养盆橡皮树，净化空气一级棒，只需4步，枝叶繁茂变“大树”,1,0,0,0,10,0,0,0,0,0,0,0,0,0,0,0,0,0,0,0,0
咖啡别用热水冲，这样做好喝绝了！,0,0,0,0,0,0,0,0,0,0,0,0,0,0,0,0,0,0,0,48,0
进门装满柜子，飘窗凭空造出1间房，你们来看看这个120O三房装得值吗？,1,0,0,0,0,0,0,0,0,0,0,0,0,0,0,0,0,0,0,0,53
什么是紫砂壶四品？为什么需要了解紫砂壶的四品,1,0,0,0,0,0,0,10,0,11,0,0,0,0,0,0,0,0,0,0,53
谁说喝茶就一定会失眠？饮茶其实有助于睡眠！,1,0,0,0,0,0,0,0,0,0,0,0,0,0,15,0,0,0,0,48,53
室内养盆橡皮树，净化空气一级棒，只需4步，枝叶繁茂变“大树”,1,0,0,0,10,0,0,0,0,0,0,0,0,0,0,0,0,0,0,0,0
健腹轮的8种玩法，让你轻松练出劲爆身材！,1,0,0,0,0,0,0,0,0,0,0,13,0,0,0,0,0,0,0,48,0
万年青如何养才能不容易死？,1,0,0,0,0,0,0,0,0,0,12,0,0,15,0,0,0,0,0,0,53
朝北的窗台只有一点光照，我种这些盆栽花，长得旺盛，病虫害少,1,0,0,0,0,0,0,0,0,0,0,0,0,0,0,0,0,0,0,0,0
较真丨蛋白固体饮料冒充特医奶粉，到底有多大危害？,1,0,0,0,0,0,0,0,11,0,0,0,0,0,0,0,0,0,0,0,53
怎样安全“退酮”不反弹？,1,0,0,0,0,0,0,0,0,0,0,0,0,15,0,0,0,0,0,0,53
玩黑坑思路最重要，别只依赖添加剂，了解鱼情用钓法取胜,1,0,0,0,0,0,0,0,0,0,0,0,0,0,0,0,0,0,0,0,0
既有口感又有美感的夏日清凉饮品，赶走闷热和烦躁,1,0,0,0,0,0,0,0,11,0,0,0,0,0,0,0,0,0,0,0,0
网上买的桂花树没养几天叶子全掉了，应该怎么办？,1,0,0,0,0,0,0,0,0,0,0,0,0,0,0,0,0,0,0,0,53
有一种属于跑者的疯狂，叫夜跑！,1,0,0,0,0,0,0,0,11,0,0,0,0,0,0,0,0,0,0,48,0
茶的味道不同，都跟这些物质有关！,0,0,0,0,0,0,0,0,0,0,0,0,0,0,0,0,16,0,0,48,0
茶搏荟：好喝才是硬道理，教你做瑞幸咖啡同款大红袍寒天牛乳茶,1,0,0,0,0,10,0,10,0,0,0,0,0,0,0,0,0,0,0,0,0
教程│风靡韩国的『400次手打咖啡』，自己在家做只需这5步！,1,0,0,0,0,0,0,0,0,0,0,0,0,0,0,0,0,17,0,48,0
栀子花就是个老酒鬼，15天喝一次，呼呼开出馥郁大花！,1,0,0,0,0,0,0,0,0,0,0,0,0,0,0,16,0,0,0,48,0
夏天养花，容易陷入“3个误区”，难怪烂根黄叶、长得慢,0,0,0,0,0,0,0,0,0,0,0,0,0,0,0,16,0,0,20,0,0
美酒是怎样酿成的？《葡萄酒：豪华版》教你做最棒的酿酒师！,1,0,0,0,0,10,0,10,0,0,0,0,0,0,0,0,0,0,0,48,53
雅乐之舞怎么养护才能出现粉色？,1,0,0,0,0,0,0,0,0,0,0,0,0,0,0,0,0,0,0,0,53
喝葡萄酒都是一个味？从这4个维度入手试试,1,0,0,0,10,0,0,10,0,0,0,0,0,0,0,16,16,17,0,0,53
沙漠玫瑰烂根了，切一刀，涂点“药”，白根呼呼冒，又能开满花,1,0,0,0,0,0,0,0,0,0,0,0,0,0,0,0,0,0,0,0,0
3种植物能开花，平常很少见，寓意“阖家幸福”，能见到是幸运,0,0,0,0,0,0,0,10,0,0,0,13,15,0,0,0,0,0,20,0,0
90％的产品实现线上销售，他们为何还要花功夫在线下开健身课？,0,0,0,0,0,0,0,0,0,0,0,0,0,0,0,0,0,0,0,0,53
野钓江河，如何选择出鱼的好钓点？,1,0,0,0,0,0,0,0,0,0,0,0,0,0,0,0,0,0,0,0,53
茶客汇：云南古树白茶究竟算不算白茶？,1,0,0,0,0,10,0,0,0,0,0,0,0,0,0,0,0,0,0,0,53
地下10000米！世界上最深的马拉松赛道，你知道吗？,1,0,0,0,0,0,0,0,0,0,0,0,0,0,0,0,0,0,0,48,53
秉承一脉的珠珠钓和欧鲤钓，前者早已被接受，后者离普及还有多远,1,0,0,0,0,0,0,0,0,0,0,0,0,0,0,0,0,0,0,0,0
怎么跑步减肥效果最佳？牢记4个原则，让你燃脂效率翻倍,1,0,0,0,10,0,0,0,0,0,0,0,0,0,0,16,0,0,0,0,53
养铜钱草，做好几点，让它生长旺盛！,0,0,0,0,0,0,0,0,0,0,12,0,0,0,0,0,0,0,0,48,0
中国女排朱婷走心视频，让我爱上这颗奇异果,1,0,0,0,0,0,0,0,0,0,0,0,0,0,0,0,0,0,0,0,0
酱料四海谈：人生，就酱！,1,0,0,0,0,10,0,0,0,0,0,0,0,0,15,0,0,0,0,48,0
5月21日，什么大日子？全国多家省级媒体集体发出官宣……,0,0,9,0,0,0,0,0,0,11,0,0,0,0,0,0,0,0,0,0,53
单车运动是怎么使身体得到锻炼的？,1,0,0,0,0,0,0,10,0,0,0,0,0,0,0,0,0,0,0,0,53
刚开始健身不知道该怎么做？3个步骤，教你熟悉健身流程,0,0,0,0,0,0,0,0,0,0,0,0,0,15,0,16,0,0,20,0,53
这3种花爱喝酒，稀释后的水溶液，浇盆里养根，擦叶子亮叶,0,0,0,0,0,0,0,0,0,0,0,0,0,0,0,0,0,17,20,0,0
橡皮树叶子黄了，找准原因，重新恢复生机勃勃！,0,0,0,0,0,0,0,0,0,0,0,0,0,0,0,0,0,0,0,48,0
宣仪身黑色吊带露脐装自拍，黑色短发又A又飒，马甲线格外抢镜！,1,0,0,0,0,0,0,0,0,0,0,0,0,0,0,0,0,0,0,48,0
好酒：一年仅售一天，最新鲜的生酒,0,0,0,0,0,10,0,0,0,0,0,0,0,0,0,0,0,0,0,0,0
绿山咖啡：另一种卖咖啡的商业模式,1,0,0,0,0,10,0,0,0,0,0,0,0,0,0,0,0,0,0,0,0
熟普、六堡同属黑茶，你能分得清它们的区别吗？,1,0,0,0,0,0,0,0,0,0,0,0,0,0,0,0,0,0,0,0,53
老花农教你几招，轻松改善兰花根尖发黑，长得白又壮！,0,0,0,0,0,0,0,0,0,0,0,0,0,0,0,0,0,0,0,48,0
六神的花露水，人尽皆知，六神咖啡你喝过吗,1,0,0,0,0,0,0,0,0,0,0,0,0,0,0,0,0,0,0,0,0
太极拳到底是用来打的，还是用来养的？,1,0,0,0,0,0,0,10,0,0,12,0,0,0,0,0,0,0,0,0,53
湖南再现“大头娃娃”，黑心店家卖“假奶粉”给父母，丧尽天良,1,0,0,0,0,0,0,0,0,0,0,0,0,0,0,0,0,0,0,0,0
水桶腰最“怕”这4物，女人平时放开肚皮吃，排出毒素，或能瘦出小蛮腰,0,0,0,0,10,0,0,0,0,0,0,0,0,0,0,0,0,17,0,0,0
每天一场马拉松！54岁“长跑哥”用171天从乌镇跑到拉萨,1,0,0,0,0,0,0,0,0,0,0,0,0,0,0,0,0,0,0,48,0
什么茶可以长期收藏？收藏白茶，是不是白毫银针最好？,1,0,0,0,0,0,0,0,0,11,0,0,0,0,0,0,0,0,0,0,53
膝盖不好的人，什么运动不伤害关节，还能燃脂减肥？,1,0,0,0,0,0,10,0,0,11,0,0,0,15,0,0,0,0,0,0,53
手竿鲢鳙究竟怎么钓？专业老钓友有话说,1,0,0,0,0,0,0,0,11,0,0,0,0,0,0,0,0,0,0,0,53
一图看懂：直升机撒钱的效果如何？看看这些国家…,1,0,9,0,0,10,0,0,0,0,0,0,0,0,0,0,0,0,0,0,53
打卡郑州独一个的咖啡工厂体验店，开启咖啡文化科普之旅,1,0,0,0,0,0,0,0,0,0,0,0,0,0,0,0,0,0,0,0,0
23岁研究生，从“胖妞”变“女神”，49天减重35斤，分享不挨饿瘦身法,1,0,0,0,0,0,0,0,0,0,0,0,0,15,0,0,0,0,0,0,0
天热喝杯柑普茶，清新又温润,1,0,0,0,0,0,0,0,0,0,0,0,0,0,0,0,0,0,0,0,0
核桃营养价值高，可一天吃几个核桃比较好？吃错反而影响健康,1,0,0,0,0,0,0,0,0,0,0,0,0,0,0,0,0,0,0,0,53
久违的体育课――专家：体育课复课要有过渡期,1,0,0,0,0,10,0,0,11,0,0,0,0,0,0,0,0,0,0,0,0
几块钱就能买一大盆的鸢尾花，浪漫的紫色，颜值高生命力顽强,1,0,0,0,0,0,0,0,0,0,0,0,0,0,15,0,0,0,0,0,0
2种“小盆栽”放在卧室，为家里增添“氧气”，晚上越睡越香！,0,9,0,0,0,0,0,0,0,0,0,13,0,0,0,0,0,0,0,48,0
2种花，夏天做好这件事，入秋早开花,0,9,0,0,0,0,0,0,0,0,0,0,15,0,0,0,0,0,0,0,0
头采和常规小青柑有何不同？全方位对比告诉你答案,1,0,0,0,0,0,0,0,0,0,0,0,0,0,0,0,0,0,0,0,53
黄山毛峰――作为元老级十大名茶之一，它的前世今生如何,1,0,0,0,0,0,0,0,0,0,0,0,0,0,0,0,0,0,0,0,0
跳绳真的可以瘦全身吗？真相被揭开，让人不敢相信,0,0,0,0,0,0,10,0,0,0,0,0,0,0,0,0,0,0,0,0,53
南方的花友最常见的情况？这几点没做好月季肯定会烂根！,1,0,0,0,0,0,0,0,0,0,0,0,0,0,0,0,0,17,0,48,53
啤酒行业分析：并购频繁，巨头版图凸显,1,0,0,0,0,10,0,0,0,0,0,0,0,0,0,0,0,0,0,0,0
我是如何从180斤瘦到130斤的？分享2个减脂方法！,1,9,0,0,0,0,0,10,0,0,0,0,0,0,0,16,0,0,0,48,53
【钓鱼技巧】翘嘴的两种手竿钓法,1,0,0,0,0,0,0,0,0,0,0,0,0,0,0,0,0,0,0,0,0
学会肘水平，你需要先适应它！,0,0,0,0,0,0,0,0,0,0,0,0,0,0,0,0,0,0,0,48,0
谁说夏天没有好看的花？养这3种，好养又勤花！,0,0,0,0,0,0,0,0,0,0,12,13,0,0,0,0,0,17,20,48,53
6个征兆提醒你，身体即将出现问题，是时候开始健身了！,0,0,0,0,0,0,0,10,0,0,0,0,0,0,0,16,0,0,0,48,0
女大学生坚持跳绳，用半年时间从200斤减到115斤，好励志,1,0,0,0,0,0,0,0,0,0,0,0,0,0,0,0,0,0,0,0,0
18个月，教了300个人练臀，我想分享点经验,1,0,0,0,0,0,0,0,0,0,0,0,0,0,0,16,0,0,0,0,0
百香茶叶-原生态滋养的好茶,1,0,0,0,0,0,0,0,0,0,0,0,0,0,0,0,0,0,0,0,0
居家锻炼盛行，“小而美”健身器材火了,1,0,0,0,0,0,0,0,0,0,0,0,0,0,0,0,0,0,0,0,0
5种花不能淋雨，淋湿就容易空盆，赶紧搬回家,0,0,0,0,0,0,0,0,0,0,0,0,0,0,15,0,0,0,0,0,0
6条坚持跑步的好处，虽然不能改变你的一切，但是能改变你的一生,0,0,0,0,0,0,0,0,0,0,0,0,0,0,0,0,0,0,0,0,0
一直养不好月季花？不妨试试这一种，种一棵开成大花球！,1,0,0,0,0,0,0,0,0,0,12,13,0,0,0,0,0,17,0,48,53
王源做四百次咖啡的精髓是什么，你get到了吗？,0,0,0,0,0,0,0,10,0,11,0,0,0,0,0,0,0,0,0,0,53
1950年的路易十三，比82年拉菲还尊贵，70年过去，如今还剩多少瓶,1,0,0,0,0,0,0,0,0,0,0,0,0,0,0,0,0,0,0,0,0
搬砖能挣钱，健身的人都是花钱找罪受，你健身究竟图个啥？,1,0,0,0,0,0,10,10,0,0,0,0,0,0,0,0,16,0,0,0,53
倩狐：刘亦菲腹肌怎么练的？居家运动3招拥有同款马甲线,1,0,0,0,0,10,0,0,0,0,0,0,0,0,0,0,0,0,20,0,53
仙人球开花，比牡丹还漂亮，见到的人有福气！,1,0,0,0,0,0,10,0,0,0,0,0,15,0,0,0,0,0,0,48,0
野钓下竿不吃钩，改变饵料仍没口？改变钓位是重点,1,0,0,0,0,0,0,10,0,0,0,0,0,0,0,0,0,0,0,0,53
威本兄弟爸爸四周减掉28斤,1,0,0,0,0,0,0,0,0,0,0,0,0,0,0,0,0,0,0,0,0
养花神器：学会食用醋的“4大妙用”，盆栽植物不犯愁,1,0,0,0,10,10,0,0,0,0,0,0,0,15,0,0,0,0,0,0,0
花露水味咖啡、红花油味汽水，为啥餐饮品牌玩国潮总是这么猎奇？,1,0,0,0,0,0,0,0,0,0,0,0,0,0,0,0,0,0,0,0,53
白酒冷知识19则：喝酒，比抽烟对人体危害更大,0,0,0,0,0,10,0,0,0,0,0,0,0,0,0,0,0,0,0,0,0
花卉刚换完盆，注意观察“服盆”状况，及时做出应对方法,1,0,0,0,0,0,0,0,0,0,0,0,0,0,0,0,0,0,0,0,0
健身界公认超燃脂杀手――跳绳，坚持1个月，让你暴瘦8斤,1,0,0,0,0,0,0,0,0,0,0,0,0,0,0,16,0,0,0,0,0
50个聪明的生活小窍门！你肯定用得上,1,0,0,0,0,0,0,0,0,0,0,0,0,0,0,16,0,0,0,48,0
天气越热，越要喝热茶，这话怎么看？,1,0,0,0,0,0,0,0,0,0,0,0,0,0,0,0,0,0,0,0,53
老山檀香的等级划分，哪种才是最好的？,1,0,0,0,0,0,0,10,0,0,0,0,0,0,0,0,0,0,0,0,53
判断茶品质主要靠喝，但跟你喜欢与否没有直接联系,1,0,0,0,0,0,0,0,0,0,0,0,0,0,0,0,0,0,0,0,0
一口就上瘾，港式西多士＋柠茶，10分钟搞定！,1,0,0,0,0,0,0,0,0,0,0,0,0,0,15,0,0,0,0,48,0
运动健身不是越难越好，简单动作，同样让你甩掉赘肉瘦出紧致身材,1,0,0,0,0,0,0,0,0,0,0,0,0,0,0,0,0,0,0,0,0
4 个步骤帮你克服“倒立”的恐惧，一定要试试,1,0,0,0,10,0,0,0,0,0,0,0,0,0,0,16,0,0,0,0,0
茶搏荟：要喝鸭屎香柠檬茶吗？3L桶装足足6斤的那种哦！,1,0,0,0,0,10,0,0,0,0,0,0,0,0,0,0,0,0,0,48,53
“自然酒”到底是什么？真的“天然无公害”吗？,1,0,0,0,0,0,0,10,0,11,0,0,0,0,0,0,0,0,0,0,53
那些便宜的劣质茶是怎么吸引到你的？,1,0,0,0,0,0,0,10,0,0,0,0,0,0,0,0,0,0,0,0,53
跑步时候这样呼吸，就能跑得更久更舒服,0,0,0,0,0,0,0,0,0,0,0,0,0,0,15,0,0,0,0,0,0
如何科学恢复跑步？这个跑步三字经人人适用,0,0,0,0,0,0,0,0,0,0,0,0,0,0,0,0,0,0,0,0,53
夏季多饮绿茶，来看看正确冲泡法！,0,0,0,0,0,0,0,0,0,0,0,0,0,0,0,0,0,0,0,48,0
茶颜悦色走到长沙外，首家门店进驻武汉,1,0,0,0,0,0,0,0,0,0,0,0,0,0,0,0,0,0,0,0,0
果蔬皮不要扔，它们还有这些妙用！,0,0,0,0,0,0,0,0,0,0,0,0,0,0,0,0,0,0,0,48,0
1cc卖百香奶茶 肯德基推花露水咖啡 什么神操作？,1,0,0,0,0,0,0,0,0,11,0,0,0,0,0,0,0,0,0,0,53
这几款跑鞋缓震耐磨，买完再跑就对了,1,0,0,0,0,0,0,0,0,0,0,0,0,0,15,0,0,17,0,0,0
白醋倒在手心搓一搓，效果太棒了，可惜好多人不懂，学会一生有用,0,0,0,9,0,0,10,0,0,0,0,0,0,15,0,0,0,0,0,0,0
【凤翔】土窖之畔，切磋3000年古法酿酒,1,0,0,0,0,0,0,0,0,0,0,0,0,0,0,0,0,0,0,0,0
常见的4种“玻璃瓶装”白酒，看上去不上档次，却是真实的纯粮酒,1,0,0,0,10,0,0,0,0,0,0,13,0,15,0,0,0,0,0,0,0
长寿花生长期，给它做“1件事”，到时候孕蕾开花更多,1,0,0,0,0,0,0,0,0,0,0,0,15,0,0,0,0,0,0,0,0
跑步经验：这8种错误跑姿，最后一个最容易被忽略！,1,0,0,0,0,10,0,0,0,0,0,13,0,0,0,0,0,17,0,48,0
补窝后鱼反而不吃钩，补窝也有细节，野钓补窝要注意这3点,1,0,0,0,0,0,0,0,11,0,0,0,0,0,0,0,0,17,20,0,0
日本这只柯基火了，堪称狗界行走的表情包！,1,0,0,0,0,0,0,0,0,0,0,0,0,0,0,0,0,17,0,48,0
教你识别一个男人O不OK的绝招！,1,0,0,0,0,0,0,0,0,0,0,0,0,15,0,0,0,0,0,48,0
仲夏手竿钓鲢鳙，这么做就对了！一上午钓几百斤，学会只需2分钟,0,9,0,0,0,0,0,0,0,0,0,0,0,0,15,0,0,0,0,48,0
500和5000块的衬衫，有什么区别？,1,0,0,0,0,0,0,0,11,11,0,0,0,0,0,0,0,0,0,0,53
毫浊：绿茶的茶汤密码之一,1,0,0,0,0,10,0,0,0,0,0,0,0,0,0,0,0,0,0,0,0
茶颜悦色走到长沙外，首家门店进驻武汉,1,0,0,0,0,0,0,0,0,0,0,0,0,0,0,0,0,0,0,0,0
果蔬皮不要扔，它们还有这些妙用！,1,0,0,0,0,0,0,0,0,0,0,0,0,0,0,0,0,0,0,48,0
水壶水垢厚重，用电超不安全！教你4妙招，水垢自动哗哗掉下,1,0,0,0,10,0,0,0,0,0,0,0,0,15,0,0,0,0,0,48,0
每天喝3杯绿茶，能够预防骨质疏松,1,0,0,0,0,0,0,0,0,0,0,0,0,0,0,0,0,0,20,0,0
养花时，把这4种壳埋土里，土壤几年不板结，养什么花都旺！,1,0,0,0,10,0,0,0,0,11,12,0,0,15,0,0,0,17,0,48,0
每天坚持这6件小事，让脂肪无所遁形，不知不觉瘦五六斤,1,0,0,0,0,0,0,0,0,0,0,0,0,0,0,0,0,17,0,0,0
为什么有的普洱茶拍卖时价值十几万，有的才卖9.9元？,1,0,0,0,0,0,0,0,11,11,0,0,0,0,0,0,0,0,0,0,53
天气热了，抓紧在窗台上放几枚硬币，很多人不懂，家家户户都需要,1,0,0,9,0,0,10,0,0,0,0,0,0,15,0,0,16,0,0,0,0
花市卖的长寿花，个个矮小开花美，原来他们是“这么”养的,1,0,0,0,0,0,0,10,0,0,12,0,15,0,0,0,0,0,0,0,0
用废弃坦克改成的硬核健身房，吸引了全乌克兰最热辣的姑娘,1,0,0,0,0,0,0,0,0,0,0,0,0,0,0,0,0,0,0,0,0
家里光照不充足，这“4种花”最喜欢，好养颜值高，轻松就爆盆,1,0,0,0,10,0,0,0,0,0,0,0,0,15,15,0,0,17,0,0,0
从小鲫鱼中还能钓大板鲫？钓鱼老前辈的方法果然一试就灵，佩服！,1,0,0,0,0,0,0,0,0,0,0,0,0,0,15,0,0,0,0,48,53
健身除了方法，还得靠毅力，一周三练拥有葫芦好身材,1,0,0,0,0,0,0,0,0,0,0,0,0,0,0,0,0,0,0,0,0
施瓦辛格老当益壮日常骑行健身 羽绒服系腰间玩时尚头顶“秃然”亮了,1,0,0,0,0,0,0,0,0,0,0,0,0,0,0,0,0,0,0,0,0
酱香型白酒、清香型白酒和浓香型白酒到底应该如何区分？,1,0,0,0,0,0,0,0,0,0,0,0,0,0,0,0,0,0,0,0,53
擒敌拳身体素质训练：柔韧训练方法,1,0,0,0,0,10,0,0,0,0,0,0,0,0,0,0,0,0,0,0,0
小喜年-你知道几条关于茶的冷知识？,0,0,0,0,0,0,0,0,0,0,0,0,0,0,0,0,0,0,0,0,53
健康均衡饮食 格兰仕微蒸烤一体机推荐,1,0,0,0,0,0,0,0,0,0,0,0,0,0,0,0,0,0,0,0,0
有院子一定养1种花，用脚都踩不死，夏天开花“超漂亮”,0,0,0,0,0,0,0,0,11,0,12,0,15,15,0,0,16,0,0,0,0
4种超漂亮的花，家里养几盆，开花美如小花园，家中必选！,0,0,0,0,10,0,0,0,0,0,12,0,15,0,0,0,0,0,0,48,0
人老腿先衰，增强下肢的硬核动作当属深蹲，超多好处等你解锁！,1,0,0,0,0,0,0,0,0,0,0,0,0,0,0,0,0,0,0,48,0
瑜伽5年，32岁的她美到不可方物…,0,0,9,0,0,0,0,0,0,0,0,0,0,0,0,0,0,0,0,0,0
凯莉・詹娜晒华夫饼披萨等高热量食物 网友：晒晒而已肯定不敢吃,0,0,0,0,0,10,0,0,0,0,0,0,0,0,0,0,0,0,0,0,0
【知识】这些妙招立刻让菜刀变锋利！,0,0,0,0,0,0,0,0,0,0,0,0,0,0,0,0,0,0,0,48,0
如何快速减掉小肚子？6个方法，在家就可以轻松练出马甲线,0,0,0,0,0,0,0,0,0,0,0,0,0,0,15,16,0,0,0,0,53
牛栏山二锅头和红星二锅头到底有何区别？,1,0,0,0,0,0,0,0,0,0,0,0,0,0,0,0,0,0,0,0,53
不同类型的葡萄酒，摆放方式有什么学问？,1,0,0,0,0,0,0,0,11,11,0,0,0,0,0,0,0,0,0,0,53
为什么整天不停的喝茶，反而越喝越渴？背后的真相竟然是这样！,0,0,0,0,0,0,0,10,0,11,0,0,0,0,0,0,0,0,0,48,53
酒厂内有堆积如山的酒糟，生产的为纯粮酒？酒糟其实还能生产出酒精酒！,1,0,0,0,0,0,0,0,0,0,0,0,0,0,0,0,0,0,0,48,53
大爷家荷花种在花盆里，1次开花20朵，比巴掌还大！,0,0,0,9,0,0,0,0,0,0,0,13,15,0,0,0,0,0,0,48,0
夏天养茉莉花，有3个小诀窍，开花又香又多，枝繁叶茂,0,0,0,0,0,0,0,0,11,0,12,0,15,0,0,16,0,0,20,0,0
周末休息，到花棚周边转转，捡点多肉老桩回家养，比买的还好,1,0,0,0,0,0,0,0,0,0,12,0,0,0,0,0,0,0,0,0,0
绿萝向来是最好养的，怎么养得更出众？一瓶啤酒就够了,0,0,0,0,0,0,0,10,0,0,12,0,0,0,0,0,0,0,0,0,53
自酿花果酒-DIY百香果酒,1,0,0,0,0,0,0,0,0,0,0,0,0,0,0,0,0,0,0,0,0
茶界“人机大战”落幕，胜负尘埃落定……,1,0,9,0,0,0,0,0,0,0,0,0,0,0,0,0,0,0,0,0,0
学会这招，练太极时膝要想练好太极，还须这2个法宝盖不疼,0,9,0,0,0,0,0,0,0,0,0,0,0,15,0,16,0,17,0,0,0
杜国楹坚守初心践行初心？小罐茶卓越品质赢得市场,1,0,0,0,0,0,0,0,0,0,0,0,0,0,0,0,0,0,0,0,53
如何清理紫砂壶茶垢？正确的方法有4种，招招都管用！,0,0,0,0,10,0,0,0,11,0,0,13,0,0,0,0,16,0,0,48,53
一直坚持锻炼，但膝盖总是疼，是怎么回事？,0,0,0,0,0,0,0,10,0,0,0,0,0,0,0,0,0,0,0,0,53
人没有尾巴为啥还要讲尾闾？我们禽兽不如？,0,0,0,0,0,0,10,0,0,0,0,0,0,0,0,0,0,0,0,0,53
为什么说练胸肌伤身体？只需两个改变，拥有完美胸肌！,0,0,0,0,0,0,0,0,0,11,0,0,0,0,0,0,0,0,0,48,53
人生当如茶，涤烦，去秽,1,0,0,0,0,0,0,0,0,0,0,0,0,0,0,0,0,0,0,0,0
最简单的下饭神菜！酸辣可口超过瘾,1,0,0,0,0,0,0,0,0,0,0,0,0,0,0,0,0,0,0,48,0
找到爱之蔓多肉底部根茎枯萎的几个原因了，夏季我准备多繁殖几盆,0,0,0,0,0,0,0,0,0,0,0,0,0,0,0,0,0,0,0,0,0
被我们误解了多年的脂肪，如今翻身了,1,0,0,0,0,0,0,0,0,0,0,0,0,0,0,0,0,0,0,0,0
风干葡萄酿的“液体黄金”什么味道？,1,0,0,0,0,0,0,0,0,11,0,0,0,0,0,0,0,0,0,0,53
一盆栀子花，5月做了“3件事”，一百多个花苞、开不停,1,0,0,0,0,0,0,0,0,0,0,0,0,0,0,0,0,0,20,0,0
酒精最怕的，不是浓茶和水果，而是它，酒前喝点不容易醉！,0,0,0,0,0,0,0,0,0,0,0,0,0,15,0,0,0,0,0,48,0
养花不花钱，3种养花好物捡回家，埋在盆里就呼呼爆盆,0,0,0,9,0,0,0,0,0,0,0,0,0,15,15,0,0,0,20,0,0
越野跑有多少种死法？,1,0,0,0,0,0,0,0,11,0,0,13,0,0,0,0,0,0,0,0,53
万茜升级版亚洲蹲，挑战不可能，平衡性差的我完败,1,0,0,0,0,0,0,0,0,0,0,0,0,15,0,0,0,0,0,0,0
泡普洱茶应该选紫砂壶泡还是盖碗泡？,1,0,0,0,0,0,0,0,0,0,0,0,0,0,0,0,0,0,0,0,53
对比明显！坚持每天跳绳1000次，身体会有哪些变化？,1,0,0,0,0,0,0,0,11,0,0,0,0,0,0,0,0,0,0,48,53
“赛美蓉”美在何处，你真的了解吗？,0,0,0,0,0,0,0,0,0,0,0,0,0,0,0,0,0,0,0,0,53
星巴克又双搞事情啦，解锁懒人专享速溶咖啡,1,0,0,0,0,0,0,0,0,0,0,0,0,0,0,0,0,0,0,0,0
仲夏手竿钓鲢鳙，这么做就对了！一上午钓几百斤，学会只需2分钟,0,9,0,0,0,0,0,0,0,0,0,0,0,0,15,0,0,0,0,48,0
唐三镜真全粮张思漫：酿酒设备-大米酿酒常见问题答疑,1,0,0,0,0,10,0,0,0,0,0,0,0,0,0,0,0,0,0,0,0
“绿叶双色”三角梅，开花只有一种色？教你“2招”，开出多色花,0,9,0,0,0,0,0,0,0,0,0,0,15,0,0,0,0,0,0,0,53
【钓鱼技巧】夏钓早晚也空军！离不开犯了这四点错误,0,0,0,0,0,0,0,0,0,0,0,0,0,0,0,0,0,17,0,48,0
想拥有舞者的身材？这项锻炼简单实用！帮你塑造瘦削完美的体型，快试试,0,0,0,0,0,0,0,0,0,0,0,0,0,0,0,0,0,0,0,48,53
108斤女生的减肥尝试，每天只吃苹果、鸡蛋、燕麦，3天看减肥效果,1,0,0,0,0,0,0,0,0,0,0,0,0,0,0,0,0,0,20,0,0
C罗化身私教在线教学，游泳健身了解一下，这堂免费的健身课请收下,1,0,0,0,0,0,0,0,0,0,0,0,0,0,0,0,0,0,0,0,0
同是烈酒，白酒与威士忌、伏特加、白兰地有什么区别？,1,0,0,0,0,0,0,10,11,11,0,0,0,0,0,0,0,0,0,0,53
只有真正的放松才能练出内气,1,0,0,0,0,0,0,0,0,0,0,0,0,0,0,0,0,0,0,0,0
超市很贵的养心菜，自家种一盆很方便，随吃随摘健康美味！,1,0,0,0,0,0,0,0,0,0,0,13,0,0,0,0,0,0,0,48,0
“头发长，见识短”，长头发真的会多吸营养让人变傻吗？不用相信,0,0,0,0,0,0,0,0,0,0,0,0,0,0,0,0,0,0,0,0,53
张靓颖归国隔离不忘瘦身，3个方法居家瘦身，坚持14天瘦5-7斤,1,0,0,0,0,0,0,0,0,0,0,0,0,15,0,16,0,0,20,0,0
无语问苍天，为什么从瘦变胖这么容易，从胖变瘦这么难啊？,1,0,0,0,0,0,0,0,0,11,0,0,0,0,0,0,0,0,0,0,53
50分和100分的酒，区别有多大？,1,0,0,0,0,0,0,0,11,0,0,0,0,0,0,0,0,0,0,0,53
钓鱼中的奇怪现象可能隐藏着它的道理！,1,0,0,0,0,0,0,0,0,0,0,0,0,0,0,0,0,0,0,48,0
小腿粗壮、萝卜腿怎么办？4个方法改善血液循环，轻松瘦腿,0,0,0,0,10,0,0,0,0,0,0,0,0,0,0,16,0,0,0,0,53
每个喜欢吸烟的人，都要读一下钟南山的4句真话，或许不会再碰了,1,0,0,0,10,0,10,0,0,0,0,0,0,0,0,0,16,0,0,0,0
健身也要多读书！,1,0,0,0,0,0,0,0,0,0,0,0,0,0,0,0,0,0,0,48,0
养花就养这几种，增添财运，还很漂亮！,0,0,0,0,0,0,0,0,0,0,0,0,0,0,0,0,0,17,0,48,0
要想有完美肌肉，先要胖六条道路教你如何增重增肌,0,0,0,0,0,0,0,0,11,0,0,0,0,0,0,0,0,0,0,0,0
想在舞蹈圈出彩出名，拯救“大膝盖”是首关难题！,1,0,0,9,0,0,0,10,0,0,0,0,0,0,0,0,0,0,0,48,0
水培植物并不是只有水，水里加入一些催化剂，减少黄叶和烂根,1,0,0,0,0,0,0,0,0,0,0,0,0,0,0,0,0,0,0,0,0
富贵竹黄叶、不生根？加上2种“液体”，2周冒出“狗牙根”,1,9,0,0,0,0,0,0,0,0,0,13,0,15,0,0,0,0,0,0,53
屋顶长满佛甲草，薅几棵塞进花盆里，呼呼蔓延一阳台！,1,0,0,0,0,0,0,0,0,0,0,0,0,0,0,0,0,0,0,48,0
参加过《这就是街舞2》的KOD老板高博，父亲涉嫌诈骗，他玩失踪,1,9,0,0,0,0,0,0,0,0,0,0,0,0,0,0,0,17,0,0,0
如何拥有女神气质？学会这3招你就知道，原来体态才是关键,1,0,0,0,0,0,0,10,0,0,0,0,0,0,15,0,0,17,20,0,53
夏日味蕾觉醒，从一杯飘着酒香的咖啡开始,1,0,0,0,0,0,0,0,0,0,0,0,0,0,0,0,0,0,0,0,0
减肥还没找到好方法？从这几方面入手就能瘦,1,0,0,0,0,0,0,0,0,0,0,0,0,0,15,0,0,17,0,0,53
【清・不饥仙果】节食的人容易皮肤干燥粗糙，古人发明了这款零食，妙不可言,1,0,0,0,0,0,10,0,0,0,0,0,0,0,0,0,0,0,0,0,0
戒烟后你的身体会发什么变化？,0,0,0,0,0,0,0,0,0,11,0,0,0,0,0,0,0,0,0,0,53
4种脚“踩”出来的食物，先别惊讶和恶心，多少人为之“疯狂”,1,0,0,0,10,0,0,0,0,0,0,0,0,0,0,0,0,0,0,0,0
深蹲腰痛、膝盖痛是怎么回事？为什么在做深蹲时，膝盖会疼痛？,1,0,0,9,0,0,0,0,0,11,0,0,0,0,0,0,0,0,0,0,53
日销量10000＋杯，5招教火锅店巧用饮品多卖钱！,0,0,0,0,0,0,0,0,0,0,0,0,0,0,0,0,0,0,0,48,0
75平米的小户型，简装设计温馨舒适，装修成本12万，朋友说真好看,1,0,0,0,0,0,0,0,0,0,0,0,0,0,0,0,0,0,0,0,0
夜钓黄颡鱼，咬钩死不松嘴！请指导怎样鱼获多？,1,0,0,0,0,0,0,0,0,0,0,0,0,15,0,0,0,0,0,48,53
花香十足的茉莉花，怎么才能养好？有“5件事”要注意！,1,0,0,0,0,0,0,0,11,0,0,0,0,0,0,0,0,0,0,48,53
动态俯卧撑肌肉详解动作教程 增强上肢爆发力,1,0,0,0,0,0,0,0,0,0,0,0,0,0,0,0,0,0,0,0,0
敢玩！大胆撞色也能和谐实用，四白落地秒变艺术空间,0,0,0,0,0,0,0,0,0,0,0,0,0,0,0,0,0,0,0,48,0
5种耐阴花，光照不足也不怕，一样呼呼冒新叶！,1,0,0,0,0,0,0,0,0,0,0,0,0,0,0,0,0,0,0,48,0
4种蓝色花，现在养一盆正当时，清新又凉爽，值得拥有！,1,0,0,0,10,0,0,0,0,0,12,13,0,0,0,0,0,0,0,48,0
我的天！精明婆婆装的新中式也太时髦了吧，邻居来了都不肯走,0,0,0,0,0,0,0,0,0,0,0,0,0,0,0,0,16,0,0,48,0
喜茶再怎么涨价也不怕，自己做好喝的水果茶，简单4步，清爽解暑,0,0,0,0,10,0,0,0,0,0,0,0,0,0,0,0,0,0,0,0,0
多肉红宝石！为啥上色这么难？上色有“诀窍”，“温差”很重要,1,0,0,0,0,0,0,0,11,0,0,0,0,0,0,0,0,0,0,48,53
还记得当年风靡一时的“锐澳鸡尾酒”么？为什么现在很少有人喝了？,1,0,0,0,0,0,0,0,0,11,0,0,0,0,0,0,0,0,0,0,53
长寿花找个黑袋子套起来，迅速开花爆盆，枝繁叶茂美不胜收,0,0,0,0,0,0,0,0,0,0,0,0,15,0,0,16,0,0,0,0,0
出汗＝减重？大家都不知道的运动减重常识,0,0,0,0,0,0,0,0,0,0,0,0,0,15,0,0,16,0,0,0,53
无语问苍天，为什么从瘦变胖这么容易，从胖变瘦这么难啊？,1,0,0,0,0,0,0,0,0,11,0,0,0,0,0,0,0,0,0,0,53
自制夏天必备超好喝的茶冻奶茶,0,0,0,0,0,0,0,0,0,0,0,0,0,0,0,0,0,0,0,0,0
月季一直不开花，20年的月季老花匠说，那是因为你没注意这4点,1,0,0,0,10,0,0,0,0,0,0,0,15,15,0,0,0,17,0,0,0
太极泉水水太纯，泥腥、烟火都是祸,1,0,0,0,0,0,0,10,0,0,0,0,0,0,0,0,16,0,0,0,0
冲击星巴克市场，Blue Bottle Coffee中国首店终于来了！,0,0,0,0,0,0,0,0,0,0,0,0,0,0,0,0,0,0,0,48,0
小米平台爆品，众筹23小时销售额破百万，Pinlo搅拌料理机Pro体验,1,0,0,0,0,0,0,0,0,0,0,0,0,0,0,0,0,0,0,0,0
4种花最喜欢水，夏天养在“水缸”里，30天长爆盆、还开花,1,0,0,0,10,0,0,0,0,0,0,0,15,0,0,0,0,0,0,0,0
这些食物竟都是用脚“踩”出来的！我敢说你至少吃过2种，不信来看,1,9,0,0,0,0,0,10,0,0,0,13,0,15,0,0,16,0,0,48,0
护卫京师的长城，是怎样炼成的？,0,0,0,0,0,0,0,10,0,0,0,0,0,0,0,0,0,0,0,0,53
白酒加水变浑浊就是粮食酒？到底可不可信？行家道出实情,0,0,0,0,0,0,0,0,0,0,0,0,0,0,0,0,0,0,0,0,53
创3主题曲直拍，赵粤展发挥出了水平，丝芭学员之间差距较大,1,0,0,0,0,0,0,0,0,0,0,0,0,0,0,0,0,0,20,0,0
花盆里放了个小黄板，小黑飞全杀灭，天然健康特简单！,0,0,0,0,0,0,0,0,0,0,0,0,0,0,0,16,0,0,0,48,0
现实版神奇女侠，63公斤的她腿围68公分，健壮堪比绿巨人,1,0,0,0,0,0,0,0,0,0,0,0,0,0,0,0,0,0,0,0,0
关于茶的歇后语，你知道哪些？,1,0,0,0,0,0,0,0,0,0,0,0,0,0,0,0,0,0,0,0,53
敬酒有规矩，倒酒有学问，拒酒有方法，不了解下吗？,1,0,0,0,0,0,0,0,11,0,0,0,0,15,0,0,0,0,0,0,53
疯狂！美突破140万，健身爱好者抗议健身房没复工，网友：太滑稽,1,0,0,0,0,10,0,0,0,0,0,0,0,0,0,0,0,0,0,48,0
钓点有鱼却没漂相？虽然只有简短3招，可却是连竿上鱼的绝招,1,0,0,0,0,0,0,0,11,0,0,0,0,0,0,0,0,0,20,0,53
绿茶要怎么泡才更香？,1,0,0,0,0,0,0,0,0,0,0,0,0,0,0,0,0,0,0,0,53
大块头肌肉型男拥有冰块盒般的八块腹肌，麒麟臂壮硕有力，好棒！,0,0,0,0,0,0,0,0,0,0,0,0,0,0,0,0,0,0,0,48,0
没有任何添加剂的焦糖奶茶，我教你,1,0,0,0,0,0,0,0,0,0,0,0,0,0,0,0,0,0,0,0,0
玩壶多年的紫砂壶老手，给新手的3点忠告,1,0,0,0,0,0,0,0,0,0,0,0,0,0,0,0,0,0,20,0,0
512汶川马拉松 不负韶华 不负己,1,0,0,0,0,0,0,0,0,0,0,0,0,0,0,0,0,0,0,0,0
一整夜都很难入睡，喝酒、喝牛奶都不管事？用几个办法让你改善,1,0,0,0,0,0,0,0,0,0,0,0,0,0,0,0,16,0,0,0,53
6个瑜伽体式，帮你强化容易忽视的大腿内收肌群,1,0,0,0,0,0,0,0,0,0,0,0,0,0,0,16,0,0,0,0,0
新手玩路亚马口鱼用什么竿和饵钓鱼,0,0,0,0,0,0,0,0,0,11,0,0,0,0,0,0,0,0,0,0,0
减肥总是管不住嘴？教你一些简单方法，早日获得美好身材,0,0,0,0,0,0,0,0,0,0,0,0,0,0,0,0,0,0,0,0,53
全能选手！NBA中国新CEO马晓飞擅长葡萄酒 想拿“葡萄酒大师”称号,1,0,0,0,0,0,0,0,0,0,0,0,0,0,0,0,0,0,0,48,0
村上春树，一位极度自律的人,0,0,0,0,0,0,10,0,0,0,0,0,0,0,0,0,0,0,0,0,0
“最丑”多肉不死鸟，丑且好养，繁殖成灾，一棵繁殖整个阳台,1,0,0,0,0,0,0,0,0,0,0,0,0,0,0,0,0,0,0,0,0
咋“折腾”都不死的4种花，越修剪越旺，很难养死！,1,0,0,0,10,0,0,0,0,0,0,0,0,15,0,0,16,0,0,48,0
60种网红爆款奶茶饮品配方曝光，学会自制奶茶从此告别奶茶店,1,0,0,0,0,0,0,0,0,0,0,0,0,0,0,0,0,0,0,0,0
【钓鱼技巧】盛夏时节，鲤鱼应该如何垂钓,0,0,0,0,0,0,0,0,0,0,0,0,0,0,0,0,0,0,0,0,0
古代人喝酒惯论斤，那为何他们还不容易喝醉呢？主要有两个原因,0,0,0,0,0,0,0,0,11,0,0,0,0,15,0,0,0,0,0,0,53
带女儿出游太胖受羞辱，英国老爸发奋瘦身73公斤，居然变帅了！,1,0,0,0,0,0,0,0,0,0,0,0,0,0,0,0,0,0,0,48,0
茶对中国的重要意义，以及地位,1,0,0,0,0,0,0,0,0,0,0,0,0,0,0,0,0,0,0,0,0
【刀哥说茶】如何让您存放的普洱茶又红又亮？,1,0,0,0,0,0,0,0,0,0,0,0,0,0,0,0,0,0,0,0,53
1间房1盆花，养最合适的，全家都健康！,1,0,0,0,0,0,0,0,0,0,12,0,0,0,0,0,16,0,0,48,0
喝水越多，肾脏压力越大，到底一天喝多少水才不会伤到肾？,1,0,0,0,0,0,0,0,0,0,0,0,0,0,0,0,0,0,0,0,53
不能远离甜食与高碳水，凯莉詹娜怎么还能瘦出水蛇腰？秘辛来了,1,0,0,0,0,0,0,0,0,0,0,0,0,0,0,0,0,0,0,0,53
在今后：健身运动将成为每个人的生活常态,0,0,0,9,0,10,10,0,0,0,0,0,0,0,0,0,0,0,0,0,0
宜兴丁蜀镇的矿区封矿这么久了，制壶人的泥料从何而来？,1,0,0,0,0,0,10,0,0,0,0,0,0,0,0,0,0,0,0,0,53
三角梅10个勤花品种，养一棵月月都开爆，越晒花越多！,1,0,0,0,0,0,0,0,0,0,12,0,0,0,0,16,16,0,0,48,0
女生每天不吃晚饭，一个月能瘦多少斤？营养专家是这样回答的,1,0,0,0,0,0,0,10,0,0,0,0,0,15,0,0,0,0,0,0,53
花闲悦茶，各位小主，还不快来请安,0,0,0,0,0,0,0,0,0,0,0,0,0,0,0,0,0,0,0,0,0
超燃型动：这 12 个常见的错误跑姿，会让你提前坐上轮椅,0,0,0,0,0,10,0,0,0,0,0,0,0,0,0,16,0,17,0,0,0
动起来！世界冠军教仙桃这群护士打太极拳,1,0,0,0,0,0,0,0,0,0,0,0,0,0,0,0,0,0,0,48,0
夏天到了，又到了自制葡萄酒的时候了，有些注意事项需要知道,0,0,0,0,0,0,0,0,0,0,0,0,0,0,0,0,0,0,0,0,0
这些比紫砂壶还贵的紫砂拓本，你会选择收藏吗？,1,0,0,0,0,0,0,0,0,0,0,0,0,0,0,0,0,0,0,0,53
新手养花不如养一盆“玉弥陀”，花型饱满，淡雅清新，适合盆栽养,1,0,0,0,0,0,0,0,0,0,12,0,0,0,0,0,0,0,0,0,0
你真的懂酒吗？了解这5个酒品冷知识才算资深酒友，网友：我不配,1,0,0,0,0,10,0,0,0,0,0,0,0,0,0,16,0,17,0,0,53
身上的这块肌肉，让你看起来像“女壮士”吗？,1,0,0,0,0,0,0,0,0,0,0,0,0,0,0,0,0,0,0,0,53
4种“草”，蚊子见了绕道走，家里随便养一盆，晚上不用点蚊香！,0,0,0,0,10,0,0,0,0,0,12,13,0,0,0,0,0,0,0,48,0
女生若想摆脱“水桶腰”，这4物餐桌上常吃，或能拥有“小蛮腰”,0,0,0,0,10,0,0,0,0,0,0,0,0,0,0,0,0,17,0,0,0
气温逐渐升高，蟹爪兰、长寿花不敢开花准备休眠，这样做才正确,0,0,0,0,0,0,0,0,0,0,0,0,15,0,0,0,0,0,0,0,0
众筹199元！小米生态链又发新品！一分钟三万转！运动达人的最爱,0,0,0,0,0,0,0,0,0,0,0,0,0,0,0,0,0,0,0,48,0
“母亲之花”康乃馨，换盆缓苗操作好，一年爆盆，开花上百朵,1,0,0,0,0,0,0,0,0,0,0,0,15,0,0,0,0,0,0,0,0
多肉，除了在花盆里，其它地方都能活，要“虐养”，才能出状态,1,0,0,9,0,0,0,0,0,0,0,0,0,0,0,0,16,0,0,0,0
从小鲫鱼中还能钓大板鲫？钓鱼老前辈的方法果然一试就灵，佩服！,1,0,0,0,0,0,0,0,0,0,0,0,0,0,15,0,0,0,0,48,53
日本人的一日三餐，看完就明白，为何日本胖子是世界最少,1,0,0,0,0,0,10,10,0,0,0,0,0,0,15,0,0,0,0,0,0
瑜伽圈流行“开髋”，如何安全“开髋”？10分钟全掌握,0,0,0,0,0,0,0,0,0,0,0,0,0,0,0,0,0,0,0,0,53
比起涂口红，陈数的这个隐藏技能更让人叫绝,0,0,0,0,0,0,0,0,0,0,0,0,0,0,0,0,0,0,0,0,0
全世界被查最多酒款Top10，印度人民强势刷榜,0,0,0,0,0,0,0,0,0,0,0,0,0,0,0,0,0,0,0,0,0
蔬菜上都是农药残留，浸泡时间越长越干净？其实更容易流失营养,0,0,0,0,0,0,0,10,0,0,0,0,0,0,0,0,16,0,0,0,53
有哪些看起来热量很低，实际热量却很高的食物？,1,0,0,0,0,0,0,0,11,0,0,0,0,0,0,0,0,0,0,0,53
徐艺洋创3主题曲直拍，丢了SM公司的脸？其实未必,0,0,0,0,0,0,0,0,0,0,0,0,0,0,0,0,0,0,20,0,53
家里这3个位置，夏天不要摆花，不然黄叶又烂根！,1,0,0,0,0,0,0,0,0,0,0,0,0,0,0,16,0,17,20,48,0
铁线莲有“3喜”，满足这3点，藤条长，开花多，花期长达60天,0,0,0,0,0,0,0,0,11,0,0,0,15,0,0,0,0,17,20,0,0
千年古茶园――景迈，仅以兰香、性价比完胜众茶？那你就错了！,0,0,0,0,0,0,0,0,0,0,0,0,0,0,15,0,0,0,0,48,53
练太极拳总不顺？不妨看看这四点忠告,0,0,0,0,0,0,0,0,0,0,0,0,0,0,0,0,0,17,0,0,53
果酒酿造方法-苹果酒家庭制作方法,1,0,0,0,0,0,0,0,0,0,0,0,0,0,0,0,0,0,0,0,0
2020年春白茶实时测评，一级白毫银针，掺进米针就变成了跨界香王,0,0,0,0,0,0,0,0,0,0,0,0,0,0,15,0,0,0,0,0,0
夏季应钓深还是浅？高手这五句话解开疑惑！,1,0,0,0,0,0,0,0,0,0,0,0,0,0,0,0,0,17,0,48,53
李瑞东：兼六家武学功夫，慈禧亲封大内飞鹰，53岁一拳打飞霍元甲,1,0,0,0,0,10,0,0,0,0,0,0,0,0,0,0,0,0,0,0,0
人到中年就发福？不要给自己的懒惰找借口,0,0,0,0,0,0,0,0,0,0,0,0,0,0,15,0,0,0,0,0,53
短暂的梅子季，来一壶梅子酒可好？,1,0,0,0,0,0,0,0,0,0,0,0,0,0,0,0,0,0,0,0,53
鱼竿中有没有万金油,1,0,0,0,0,0,0,0,0,0,0,0,0,0,0,0,0,0,0,0,0
夏天气温飙升，养多肉出现“6个信号”要当心，防止全军覆没,1,0,0,0,0,0,0,0,0,0,0,0,0,0,0,16,0,0,0,0,0
这位健身达人很懂得自律，每天都在运动，因此成就了她的事业,1,0,0,9,0,0,0,0,0,0,0,0,0,0,0,0,16,0,0,0,0
普洱老茶，为什么是养胃之王？,0,0,0,0,0,0,0,10,0,11,0,0,0,0,0,0,0,0,0,0,53
施瓦辛格街头骑车健身呼呼生风 谁能相信他已经72岁？,1,0,0,0,0,0,0,0,0,0,0,0,0,0,0,0,0,0,0,0,53
夏天气温飙升，养多肉出现“6个信号”要当心，防止全军覆没,1,0,0,0,0,0,0,0,0,0,0,0,0,0,0,16,0,0,0,0,0
存坏发霉的老白茶，建议客人洗茶两遍再去喝？实在太黑心！,1,0,0,0,0,0,0,0,0,0,0,0,0,0,0,0,0,0,0,48,53
在家里养观赏竹芋几年后，我找出了它们叶子不正常卷曲的四大原因,0,0,0,9,0,0,0,0,0,0,12,0,0,15,0,0,0,0,0,0,0
5款“高强度腹肌”运动！网友两周腹肌浮出、腰线也变纤细，小腹也变紧实,1,0,0,0,0,0,0,0,0,0,0,0,0,0,0,0,0,0,0,48,0
6种植物不按套路生长？你吃的水果，就是这么长出来的！,1,0,0,0,0,0,0,0,0,0,0,13,0,15,0,0,0,0,0,48,53
跟着动物学瑜伽，get曼妙身材，这种瑜伽体验很神奇呢,0,0,0,0,0,0,0,0,0,0,0,0,0,0,0,0,0,0,0,0,0
啤酒盖也有大用处，轻松解决卫生间的烦恼,0,0,0,0,0,0,0,0,11,0,0,0,0,0,0,0,0,0,0,0,0
此菜清香甘甜，农民称它“长寿菜”，乡下路边就有，遇到带走,1,0,0,0,0,0,0,0,11,0,0,0,0,0,15,0,0,0,0,0,0
传成酒械：揭秘酱香型白酒12987密码,0,0,0,0,0,10,0,0,0,0,0,0,0,0,0,0,0,0,0,0,0
史上最全的吸毒植物，新房旧房都要放,0,0,0,0,0,0,0,0,0,0,0,0,0,0,0,0,16,0,0,0,0
生姜放久了就干瘪？教你几个好方法，生姜保存一年也不会坏,1,0,0,0,0,0,0,0,0,0,0,0,0,0,15,0,0,0,0,0,53
跑步路上大神的一些话很扎心 也很受用,1,0,0,0,0,0,0,0,0,0,0,0,0,0,0,0,0,0,0,0,0
家庭存茶小技巧，纯干货！,0,0,0,0,0,0,0,0,0,0,0,0,0,0,0,0,0,0,0,48,0
3种酒鬼花，用了啤酒叶子更绿，不沾灰尘看着精神,1,0,0,0,0,0,0,0,0,0,0,13,0,15,0,0,0,0,20,0,0
新茶友选择口粮白茶，究竟是白牡丹好，还是春寿眉好呢？,1,0,0,0,0,0,0,10,0,0,0,0,0,0,0,0,0,0,0,0,53
快干掉的绿萝怎么救活？,0,0,0,0,0,0,0,0,0,0,0,0,0,0,0,0,0,0,0,0,53
买白茶要看外在美，为什么有的新寿眉是咖啡色，喝起来很不好喝？,1,0,0,0,0,0,0,10,11,11,0,0,0,15,0,0,0,0,0,0,53
养铜钱草，给它常浇2种“肥水”，叶子浓绿肥厚,0,9,0,0,0,0,0,0,0,0,12,13,0,0,0,0,0,0,0,0,0
老房爆改，把平庸的三维空间上升到3.5维度的歌手之家,1,0,0,0,0,0,0,0,0,0,0,0,0,0,0,0,0,0,0,0,0
入住后还想轻改造？这8个绝招简直相见恨晚,1,0,0,0,0,0,0,0,0,0,0,0,0,0,0,16,0,17,0,0,53
当年红极一时的“锐澳鸡尾酒”，为何会被遗忘？原因太现实,1,0,0,0,0,0,0,0,0,0,0,0,0,0,0,0,0,0,0,0,53
小户型这么整，小家越住越大，刁钻丈母娘都服气了,1,0,0,0,0,0,0,0,0,0,0,0,0,0,0,0,16,0,0,0,0
普洱茶冷知识：老茶头来源，一般人不知道,1,0,0,0,0,10,10,0,0,0,0,0,0,15,0,0,0,0,0,0,0
跑步变瘦的背后，是对人生的自我掌控,1,0,0,0,0,0,0,10,0,0,0,0,0,0,0,0,0,0,0,0,0
【钓鱼技巧】夏天钓大鲫鱼的几个要点,1,0,0,0,0,0,0,0,0,0,0,0,0,0,0,0,0,0,0,0,0
初学者冥想指南：手把手教你如何进行冥想,1,0,0,0,0,10,0,0,0,0,0,0,0,0,0,0,0,0,0,0,0
一次酣畅淋漓的背部训练怎能少了这些动作！,1,0,0,0,0,0,0,0,0,0,0,0,0,0,0,0,0,0,0,48,0
夏天自制饮品，又香又甜，再也不用买饮料和奶茶了,1,0,0,0,0,0,0,0,0,0,0,0,0,0,0,0,0,0,0,0,0
一学就会，一练就废，是不是你？,1,0,0,0,0,0,0,0,0,0,0,0,0,0,15,0,0,0,0,0,53
还在痴迷“冬红夏绿”？夏天适合喝什么茶，要按自己的体质来决定,1,0,0,9,0,0,0,0,0,11,0,0,0,0,0,0,0,0,0,0,53
花盆里放了个小黄板，小黑飞全杀灭，天然健康特简单！,1,0,0,0,0,0,0,0,0,0,0,0,0,0,0,16,0,0,0,48,0
女生怎么降低体脂率？3方面改变，轻松甩掉脂肪，暴瘦30斤,1,0,0,0,0,0,0,0,0,0,0,0,0,0,0,0,0,0,20,0,53
用枝条或种子繁殖罗勒的详细方法，容易操作，茎叶可不断修剪,1,0,0,0,0,0,0,0,0,0,0,0,0,0,0,0,0,0,0,0,0
被李佳琦种草、老罗强推的梅见青梅酒好喝吗？,1,0,0,0,0,0,0,0,0,0,0,0,0,0,0,0,0,0,0,0,53
肚子自带“游泳圈”，但每天坚持腹部训练，可以练出腹肌吗？,1,0,0,0,0,0,0,0,0,0,0,0,0,0,0,0,0,0,0,0,53
腿粗女生每天开合跳多少个才能瘦腿？30天突破瓶颈，练出“筷子腿”,1,0,0,0,0,0,0,0,0,0,0,0,0,0,0,16,0,0,0,0,53
坐着瘦肚腩、睡着瘦一圈？3招让你赘肉一斤斤地掉！,1,0,0,0,0,0,0,0,0,0,0,0,0,0,0,0,0,0,20,48,53
一好友 一生情 一杯茶 品尽人生百味,1,0,0,0,0,0,0,0,0,0,0,0,0,0,0,0,0,0,0,0,0
阴凉的山坡下，有1种“通草”很顽强，常常繁殖一大片，植株珍贵,1,0,0,0,0,0,0,0,11,0,0,13,0,0,0,0,0,0,0,0,0
痰浊壅盛证――健美茶,1,0,0,0,0,0,0,0,0,0,0,0,0,0,0,0,0,0,0,0,0
南京雨花茶哪家强？结果出来了,1,0,0,0,0,0,0,0,0,0,0,0,0,0,0,0,0,0,0,0,53
潍坊首个！高密上榜首批“全国老年太极拳之乡”名单,1,0,0,0,0,0,0,0,0,0,0,0,0,0,0,0,0,0,0,48,0
浓香型白酒的香到底是什么香？―真全粮胡星杰,1,0,0,0,0,0,0,10,0,11,0,0,0,0,0,0,0,0,0,0,53
给肩部训练来点新鲜血液，这4个动作真的很不错,1,0,0,0,10,0,0,0,0,0,0,0,0,0,0,16,0,17,0,0,0
柔术的动力源泉――核心肌群，应该怎么练？,1,0,0,0,0,0,0,0,0,0,0,0,0,0,0,0,0,0,0,0,53
美国超过墨西哥成为梅斯卡尔酒最大的市场……,1,0,9,0,0,0,0,0,0,0,0,0,0,0,0,0,0,0,0,0,0
99％家庭都在用的东西，买错了会杀死你的健康,1,0,0,9,0,0,0,0,0,0,0,0,0,0,0,0,16,0,0,0,0
新手不要养的多肉，好看但超难养，不容易养活！,1,0,0,0,0,0,0,0,0,0,12,0,0,15,0,0,0,0,0,48,0
被NHK、央视争相报导的四海王酒厂中国杜氏,1,0,0,0,0,0,0,0,0,0,0,0,0,0,0,0,0,0,0,0,0
RIO鸡尾酒的文案，看完都微醺了！,1,0,0,0,0,0,0,0,0,0,0,0,0,0,0,0,16,0,0,48,0
还在埋头苦练？找寻肩部肌肉的训练方法，看看你在用哪一个？,1,0,0,9,0,0,0,0,0,0,0,0,0,0,0,0,0,0,0,0,53
保证盆栽非洲紫罗兰能开花和持续开花的几个条件，让植株长更壮,1,0,0,0,0,0,0,0,0,0,0,0,15,0,0,0,0,0,0,0,0
运动也需“量身定制”,1,0,0,0,0,0,0,0,0,0,0,0,0,0,0,0,0,0,0,0,0
喝茶慢一点，做人笨一点,1,0,0,0,0,0,0,0,0,0,0,0,0,0,0,0,0,0,0,0,0
如何清理紫砂壶茶垢？正确的方法有4种，招招都管用！,1,0,0,0,10,0,0,0,11,0,0,13,0,0,0,0,16,0,0,48,53
想培育高杆叶仙，用点“手段”，长得又直又高，嫁接蟹爪兰美爆了,1,0,0,0,0,0,0,0,0,0,0,0,0,0,0,0,0,0,0,0,0
4种花是“开花小能手”，一次开花300朵，漂亮花朵每天都有好心情,1,0,0,0,10,0,0,10,11,0,0,0,15,0,0,0,16,0,0,0,0
有氧运动就是减脂？这么大的误区你还不知道？,1,0,0,0,0,0,0,0,0,0,0,0,0,15,0,0,0,0,0,0,53
练就过硬本领传承百年味道 全聚德举行2020年度厨师技能传承大赛总决赛,1,0,0,0,0,0,0,0,0,0,0,0,0,0,0,0,0,0,0,0,0
较真丨有研究发现肥胖的人患新冠肺炎后病情更严重，是脂肪惹的祸吗？,1,0,0,0,0,0,10,10,11,0,0,0,0,0,0,0,0,0,0,0,53
有了这本反手后场秘籍，球打到头顶区再也不发愁,1,0,0,0,0,0,0,0,11,0,0,0,0,15,0,0,0,0,0,0,0
54岁郭富城35岁身材，出道30年保持126斤！好身材秘诀因这3件事,1,0,0,0,0,0,0,0,0,0,0,0,0,0,0,0,0,17,20,48,0
练不出胸肌？只需要一套俯卧撑，你将拥有强大的胸肌！,1,0,0,0,0,0,0,0,0,0,0,0,0,0,0,0,0,0,0,48,53
如果人生如茶，煎熬也是一种成全,1,0,0,0,0,0,0,10,0,0,0,0,0,0,0,0,0,0,0,0,0
高手养月季，一切从“根”出发，学4个养根方法，枝干粗、开花多,1,0,0,0,10,0,0,0,0,0,12,0,15,0,0,16,0,0,0,0,0
9000万人关注的话题，当我们讨论＃一胖遮百丑＃的时候，到底想多瘦？,1,0,0,0,0,0,0,0,0,0,0,0,0,0,0,0,0,0,0,0,53
关于紫砂壶鉴定的说明,1,0,0,0,0,0,0,0,0,0,0,0,0,0,0,0,0,0,0,0,0
一个胖子做有氧，一个胖子做重训，长期坚持，两人有什么区别,1,0,0,0,0,0,0,0,11,11,0,0,0,0,0,0,0,0,0,0,0
背部肥厚的MM如何瘦后背？这么做，轻松拥有薄薄的气质美背,1,0,0,0,0,0,0,0,0,0,0,0,0,0,0,0,0,0,0,0,53
喝茶千万别喝老茶头！,1,0,0,0,0,0,0,0,0,0,0,0,0,0,0,0,0,0,0,48,0
这花名叫“千日红”，真能“千日”不败开花红火吗？其实别有玄机,1,0,0,0,0,0,0,0,0,0,0,0,15,0,0,0,0,0,0,0,53
想要废物利用养好花，就用2种“渣”作肥料，比专业肥还有营养,0,9,0,0,0,0,0,0,0,0,0,13,0,0,15,0,0,0,0,0,0
人生十二记 喝牛肉记,1,0,0,0,0,0,0,0,0,0,0,0,0,0,0,0,0,0,0,0,0
蟋蟀鉴赏：景县紫大头，虫坛智多星,1,0,0,0,0,10,0,0,0,0,0,0,0,0,0,0,0,0,0,0,0
奔跑吧，人们！,1,0,0,0,0,0,0,0,0,0,0,0,0,0,0,0,0,0,0,48,0
5月养什么花好？6种花好看皮实又省钱，给点阳光就拼命开花,1,0,0,0,0,0,0,0,0,11,0,0,15,0,15,0,0,0,0,0,53
还掌握不了精酿啤酒的苦度？那这件事必须要知道！,1,0,0,0,0,0,0,0,0,0,0,0,0,0,0,0,0,0,0,48,53
上山挖到红蘑菇，大家不敢吃便丢掉，查了才知道价值很高！,1,0,0,0,0,0,0,0,0,0,0,0,0,0,0,0,0,0,0,48,0
体重日渐递增，如何悬崖勒马？2个方式助你顺利减肥,1,9,0,0,0,0,0,0,0,0,0,0,0,0,0,16,0,0,0,0,53
支援一个多月，她回忆小汤山战“疫”：最多一天接收400名旅客,1,0,0,0,0,10,0,0,0,0,0,0,0,0,0,0,0,0,0,0,0
盘点红酒在烹调中的多种巧妙用途！,1,0,0,9,0,0,0,0,0,0,0,0,0,0,0,0,0,0,0,48,0
鲤鱼这样钓才够狠，这些秘诀是连竿上鱼的关键，夏天不用就亏了！,1,0,0,0,0,0,0,10,0,0,0,0,0,0,15,0,0,0,0,48,0
3种花，现在扦插正当时，生根快又能开花爆盆，新手也会养,1,0,0,0,0,0,0,0,0,0,0,0,15,0,0,0,0,0,20,0,0
大清王朝的茶叶市井生活,1,0,0,0,0,0,0,0,0,0,0,0,0,0,0,0,0,0,0,0,0
【钓鱼技巧】夏季野钓掌握这些狠招，避杂鱼钓大鱼,1,0,0,0,0,0,0,0,0,0,0,0,0,0,0,0,0,0,0,0,0
养绿萝，记住4个小要点，叶子厚实油亮，空气特棒,1,0,0,0,10,0,0,0,0,0,0,0,0,0,0,16,0,0,0,0,0
白宫唯一手冲设备、被博物馆永久收藏，这5款咖啡神器你了解吗？,1,0,0,0,0,0,0,0,0,0,0,0,0,0,0,0,0,17,0,0,53
【茶话】为什么年长的人更爱喝浓茶？,1,0,0,0,0,0,10,0,0,11,0,0,0,0,0,0,0,0,0,0,53
为什么粗粮热量和米面相比并不低，却有助于减肥？营养师告诉你,1,0,0,0,0,0,0,0,0,11,0,0,0,15,0,0,0,0,0,0,53
折腾不死的25种花，咋养都爆盆，家里必须养！,1,0,0,0,0,0,0,0,0,0,12,0,0,0,0,0,16,0,0,48,0
大清王朝的茶叶市井生活,1,0,0,0,0,0,0,0,0,0,0,0,0,0,0,0,0,0,0,0,0
为什么赛场上总能看到运动员吃大香蕉？,1,0,0,0,0,0,0,0,0,11,0,0,0,0,0,0,0,0,0,0,53
白宫唯一手冲设备、被博物馆永久收藏，这5款咖啡神器你了解吗？,1,0,0,0,0,0,0,0,0,0,0,0,0,0,0,0,0,17,0,0,53
【钓鱼技巧】夏季野钓掌握这些狠招，避杂鱼钓大鱼,1,0,0,0,0,0,0,0,0,0,0,0,0,0,0,0,0,0,0,0,0
为什么粗粮热量和米面相比并不低，却有助于减肥？营养师告诉你,1,0,0,0,0,0,0,0,0,11,0,0,0,15,0,0,0,0,0,0,53
折腾不死的25种花，咋养都爆盆，家里必须养！,1,0,0,0,0,0,0,0,0,0,12,0,0,0,0,0,16,0,0,48,0
粮食酒技术：如何判断纯粮酒？怎样区分纯粮酒,1,0,0,0,0,10,0,0,0,0,0,0,0,0,0,0,0,0,0,0,53
一样是啤酒，“瓶装”和“罐装”有啥区别？知道以后别再瞎买了,1,0,0,0,0,0,0,10,11,0,0,0,0,0,0,0,0,0,0,0,53
第111期：徒手健身与器械健身哪个更好？,1,0,0,0,0,10,0,0,0,0,0,0,0,0,0,0,0,0,0,0,53
藤本月季全年12个月栽培要领，抓重点必能花爆阳台！,1,0,0,0,0,0,0,0,0,0,0,0,0,0,0,16,0,0,0,48,0
如何用弹力带练出宽厚肩膀？6个动作，有效改善窄肩练出3D虎头肩,1,0,0,0,0,0,0,0,0,0,0,0,0,0,0,16,0,0,0,0,53
深蹲是每天做固定的次数好，还是隔几天做到力竭好？答案其实很简单,1,0,0,0,0,0,0,10,0,0,0,0,0,0,0,0,0,0,0,0,53
普洱茶冷知识：老茶头来源，一般人不知道,1,0,0,0,0,10,10,0,0,0,0,0,0,15,0,0,0,0,0,0,0
肚子自带“游泳圈”，但每天坚持腹部训练，可以练出腹肌吗？,1,0,0,0,0,0,0,0,0,0,0,0,0,0,0,0,0,0,0,0,53
低收费水库该如何施钓？想靠大鱼回本不现实，攻小兼大才对路,1,0,0,0,0,0,0,0,0,0,0,0,0,15,0,0,0,0,0,0,53
健身老司机的秘诀：稳,1,0,0,0,0,10,0,0,0,0,0,0,0,0,0,0,0,0,0,0,0
实现咖啡自由，其实并不难,1,0,0,0,0,0,0,0,0,0,0,0,0,0,0,0,0,0,0,0,0
最受欢迎的月季品种，开花勤快又好看，背后还有一段传说故事！,1,0,0,0,0,0,0,0,0,0,0,0,15,0,0,0,0,0,0,48,0
原来这些女明星都喜欢跑马拉松！,1,0,0,0,0,0,0,0,0,0,0,0,0,0,0,0,16,0,0,48,0
星巴克的商业模式奥秘：卖的不是咖啡，是用户体验,1,0,0,0,0,10,0,10,0,0,0,0,0,0,0,0,0,0,0,0,0
盘点马拉松前半程犯过的那些错,1,0,0,0,0,0,0,0,0,0,0,0,0,0,0,0,0,0,0,0,0
水库钓点选择示意图：这些位置鱼扎堆，在这里下竿，收获更有保证,1,0,0,9,0,10,0,0,11,0,0,0,0,0,0,0,0,0,0,0,0
《醇鉴》名人堂：2019年度人物――贝基・沃瑟曼-霍恩,1,0,0,0,0,10,0,0,0,0,0,0,0,0,0,0,0,0,0,0,0
4种漂亮花，现在扦插正当时，动动手，能省不少钱！,1,0,0,0,10,0,0,0,0,0,0,13,0,0,0,0,0,0,0,48,0
养了盆虎头茉莉，花苞还没开就发黄枯萎？原来是掉进了3个“坑”,1,0,0,0,0,0,0,10,0,0,12,0,0,0,15,16,0,0,20,0,53
那些说“马保国代表不了传武”的不亏心吗？马老师比你们强太多了,1,0,0,0,0,0,0,0,0,0,0,0,0,15,0,0,0,0,0,0,53
8种花，掐个枝条扔水里，7天长出大白根,1,0,0,0,0,0,0,0,0,0,0,0,0,0,0,0,0,0,0,0,0
8种花，掐个枝条扔水里，7天长出大白根,1,0,0,0,0,0,0,0,0,0,0,0,0,0,0,0,0,0,0,0,0
太不正经！这家新开的古董帽子店，居然不卖帽子？,1,0,0,0,0,0,0,0,0,0,0,0,0,0,0,0,0,0,0,48,53
仰韶研学堂：夏季怎样存放白酒不易“跑酒”？,1,0,0,0,0,10,0,0,0,0,0,0,0,0,0,0,0,0,0,0,53
王庆民你敢迎战吗？降龙十八掌传人喊话 要为马保国报仇雪恨,1,0,0,0,0,0,0,0,0,0,0,0,0,0,0,0,0,0,0,0,53
陈家沟微博有意思：竟称新垣结衣是河南的，却言马保国是山寨太极,1,0,0,0,0,10,0,10,0,0,0,0,0,0,0,0,0,0,0,0,0
春天是花的季节，家里养花可以养这4种，寓意美好还漂亮！,1,0,0,0,10,0,0,10,0,0,12,13,0,0,0,0,0,17,0,48,0
那些说“马保国代表不了传武”的不亏心吗？马老师比你们强太多了,1,0,0,0,0,0,0,0,0,0,0,0,0,15,0,0,0,0,0,0,53
爆笑星太奇：奋豆总是挨揍，于是发愤图强，练出八块腹肌看谁敢揍！,1,0,0,0,0,10,0,0,0,0,0,0,0,0,0,0,0,0,0,48,0
如何碎片化健身？,1,0,0,0,0,0,0,0,0,0,0,0,0,0,0,0,0,0,0,0,53
33岁的赵丽颖，身姿曼妙如少女，疯狂健身调控饮食，快瘦成了小伙,1,0,0,0,0,0,0,0,0,0,0,0,0,0,0,0,0,0,0,0,0
一个嘴比脚厉害，一个嘴比拳厉害，郝海东和马保国比武谁会赢？,1,0,0,0,0,0,0,0,0,0,0,0,0,0,0,0,0,0,0,0,53
俯卧撑应该怎么做可以刺激胸肌？体育老师说出大实话,1,0,0,0,0,0,0,0,0,0,0,0,0,0,0,0,0,0,0,0,53
居家养花记住四宜四不宜，新手也变养花达人，实打实干货,1,0,0,0,0,0,10,0,0,0,0,0,0,0,0,0,0,0,0,0,0
一张图告诉你，男人过度练胸到底有多丑！,1,0,0,0,0,0,0,0,11,0,0,0,0,0,0,0,0,0,0,48,0
运动和不运动的人，10年后差距到底有多大？,1,0,0,0,0,0,10,0,11,0,0,0,0,15,0,0,0,0,0,0,53
马保国比对手大19岁，为何还要打？裁判给出答案：大师自愿的,1,0,0,0,0,10,0,0,0,0,0,0,0,0,0,0,0,0,0,0,53
温度升高，养花施肥要注意，浇错东西盆里冒虫,1,0,0,0,0,0,0,0,0,0,0,0,0,0,0,0,0,0,0,0,0
疫情下健身房都在倒闭？他为何还能逆势开新店！,1,0,0,9,0,0,0,0,0,0,0,0,0,0,0,0,16,0,0,48,53
四川有1酒，比茅台的品质还要好，好喝还不贵，却总是被人遗忘！,1,0,0,0,0,0,10,0,11,0,0,0,0,0,0,0,0,0,0,48,0
一文了解波尔多八大名庄,1,0,0,0,0,0,0,0,0,0,0,0,0,0,0,0,0,0,0,0,0
增肌牢记这几个原则，快速提升肌肉维度，3个月增重10KG,1,0,0,0,0,0,0,0,0,0,0,0,0,0,0,16,0,17,20,0,0
“大师们”屡战屡败为何乐此不疲？跨界对决，商演的水有多深,1,0,0,0,0,0,0,0,0,0,0,0,0,0,0,0,0,0,0,0,53
每天都跑步，坚持3年后，我获得了身体自由和情绪自由,1,0,0,0,0,0,0,0,0,0,0,0,0,0,0,0,16,0,20,0,0
墙角种了爬藤花，名叫使君子，听名字文气优雅，其实开花俊俏可爱,1,0,0,0,0,0,0,0,0,0,0,13,15,0,0,0,0,0,0,0,0
降龙十八掌出山了？要为马保国报仇？6月5日开赛！,1,0,0,0,0,0,0,0,0,0,0,0,0,0,0,0,0,0,0,48,53
女性健身的时候，侧重点在哪里？详细讲解女性健身的全过程,1,0,0,9,0,0,0,0,0,0,0,0,0,0,0,0,0,0,0,0,53
练瑜伽进步慢？这5点必须了解，尤其是初学者！,1,0,0,0,0,0,0,10,0,0,0,0,0,0,0,0,0,17,0,48,53
5种夏季牛羊去火防暑中草药，满地都是！,1,0,0,0,0,0,0,10,0,0,0,13,0,0,0,0,16,0,0,48,0
山东省体育总会发文暂不恢复马拉松赛的几点疑问,1,0,0,0,0,0,0,0,0,0,0,0,0,15,0,0,0,0,0,0,0
养好橡皮树很简单，学会几个养护技巧，蹭蹭冒新芽，叶片翠绿油亮,1,0,0,0,0,0,0,0,0,0,0,0,0,0,0,0,0,0,0,0,0
肌肉男跑步刷脂，1个月跑步72公里，看他身材前后变化,0,0,0,0,0,0,0,0,0,0,0,0,0,0,0,16,0,0,0,0,0
3种夏季观花植物，看花食用两不误，特别适合阳台养护,0,0,0,0,0,0,0,0,0,0,0,13,0,0,0,0,0,0,20,0,0
什么花四季开？这3种别错过，天天在家赏花,1,0,0,0,0,0,0,0,0,11,0,13,0,0,0,0,0,17,20,0,53
这几种花适合“吊着”养，呼呼开花，长出的新叶包围整个窗户,1,0,0,0,0,0,0,0,0,0,12,0,15,0,0,0,0,17,0,0,0
“大师”惨败不只是意外！“太极掌门”马保国30秒被KO的背后,1,0,0,0,0,0,0,0,0,0,0,0,0,15,0,0,0,0,0,48,0
全世界最有钱的家族，都在做这件事,1,0,0,9,0,0,0,0,0,0,0,0,0,0,0,0,16,0,0,0,0
武林又掀起腥风血雨！众多传武高手聚集 要为武术正名,1,0,0,0,0,0,0,0,0,0,0,0,0,0,0,0,0,0,0,48,0
奇朔红酒故事大赏,1,0,0,0,0,0,0,0,0,0,0,0,0,0,0,0,0,0,0,0,0
种了小木槿，夏天养花观赏性强，花期长几个月不谢,1,0,0,0,0,0,0,0,0,0,0,13,0,0,0,0,0,0,0,0,0
八大外媒聚焦马保国，中国传武替他背黑锅，外国网友一番话扎心了,1,0,0,0,0,0,0,0,0,0,0,0,0,0,0,0,0,0,0,0,0
10块和100块的牛奶差距有多大？喝了40斤奶的我们来回答了！,1,0,0,0,0,0,0,0,11,0,0,0,0,0,0,0,0,0,0,48,53
18个拉伸动作，教你明明白白拉伸全身,1,0,0,0,0,0,0,0,0,0,0,0,0,0,0,16,0,0,0,0,0
选马匹体质还要分湿润、干燥？聊军马前，这篇战马宝典一定要读,1,0,0,0,0,0,0,0,0,0,0,0,0,0,0,0,0,0,0,0,53
瑜伽热身体式！让你伸展和收缩身体的每一部分肌肉，运动效果翻倍,1,0,0,0,0,0,0,0,0,0,0,0,0,0,0,0,0,0,0,48,0
赵丽颖产后1年，身材恢复如健身教练，她吃这些对好身材太有效,1,0,0,0,0,0,0,0,0,0,0,0,0,0,0,0,0,0,0,0,0
最省钱养花秘籍：老人盆栽牢记4点，花苗、土、水肥都解决了,1,0,0,0,10,10,0,0,0,0,0,0,0,0,0,0,16,0,0,0,0
五款充满浪漫气息的葡萄酒，与炎炎夏日最相配,1,0,0,0,0,0,0,0,0,0,0,0,0,0,0,0,0,0,0,0,0
30 分钟经典流瑜伽序列，减脂＆瘦全身，效果杠杠滴！,1,0,0,0,0,0,0,0,0,0,0,0,0,0,0,0,0,0,0,48,0
几个方法提高热量消耗，促进燃脂，让你慢慢瘦下来,1,0,0,0,0,0,0,0,0,0,0,0,0,0,0,0,0,0,0,0,0
发财树盆里放铁钉，就能补充铁元素？小花匠告诉你“真相”,1,0,0,0,0,0,0,0,0,0,0,0,0,0,15,0,0,0,0,0,53
许可馨应对舆论似乎只有躲和骂，不妨借鉴太极宗师马保国和舆论过招的经验,1,0,0,0,0,0,0,0,0,0,0,0,0,0,0,0,0,0,0,0,0
栀子花就要惯着养，满足它3个“喜好”，叶片不黄，年年开花,1,0,0,0,0,0,0,0,0,0,12,0,15,0,0,16,0,0,20,0,0
分清楚香香花和臭臭花，可别买错了，不然满屋都是臭味,1,0,0,0,0,0,0,10,0,0,0,0,0,0,0,0,16,0,0,0,0
走路锻炼有个最佳“配速”,1,0,0,0,0,0,0,0,0,0,0,0,0,0,0,0,0,0,0,0,0
周末清晨跑步计划！,1,0,0,0,0,0,0,0,0,0,0,0,0,0,0,0,0,0,0,48,0
周末清晨跑步计划！,1,0,0,0,0,0,0,0,0,0,0,0,0,0,0,0,0,0,0,48,0
走路锻炼有个最佳“配速”,1,0,0,0,0,0,0,0,0,0,0,0,0,0,0,0,0,0,0,0,0
奇朔红酒故事大赏,1,0,0,0,0,0,0,0,0,0,0,0,0,0,0,0,0,0,0,0,0
33岁的赵丽颖，身姿曼妙如少女，疯狂健身调控饮食，快瘦成了小伙,1,0,0,0,0,0,0,0,0,0,0,0,0,0,0,0,0,0,0,0,0
其实，你可能不懂什么是“慢跑”！,1,0,0,0,0,0,0,10,0,11,0,0,0,15,0,0,0,0,0,48,0
穿束腰带的女生，真的瘦了吗？这3个动作才能拯救你的腰,1,0,0,0,0,0,0,0,0,0,0,0,0,0,0,16,0,17,20,0,53
酸类物质在白酒中的作用有这几点,1,0,0,9,0,0,0,0,11,0,0,0,0,0,0,0,0,17,0,0,0
【美食】法国人对巧克力的喜爱，远远超过很多人的认知范围！,1,0,0,0,0,0,10,0,0,0,0,0,0,0,0,0,0,0,0,48,0
为什么跑得越来越远，身体却越来越差？,1,0,0,0,0,0,0,0,0,11,0,0,0,0,0,0,0,0,0,0,53
4种皮实好养的花，怎么养都不死，轻松爆盆开满花，最适合新手养,0,0,0,0,10,0,0,0,0,0,12,0,0,15,0,0,16,0,0,0,0
酸类物质在白酒中的作用有这几点,0,0,0,9,0,0,0,0,11,0,0,0,0,0,0,0,0,17,0,0,0
买买买！除了好茶，茶博会现场还有很多好东西！,1,0,0,0,0,0,0,0,0,0,0,0,0,0,0,0,0,0,0,48,0
太极：中国人不懂，巴西人却领悟了！,0,0,0,0,0,10,10,0,0,0,0,0,0,15,0,0,0,0,0,48,0
3款低脂主食，特别有饱腹感，越吃越瘦，腰腿都变细了,0,0,0,0,0,0,0,0,11,0,0,0,0,0,0,0,16,0,20,0,0
茶叶喝完了剩下的茶叶渣，作用多别浪费，聪明人都收起来了,1,0,0,0,0,0,0,0,0,0,0,0,0,0,0,0,16,0,0,0,0
42 岁却形似“老妇”，她说：是瑜伽救了我！,1,0,0,0,0,10,0,10,0,0,0,0,0,0,0,0,0,0,0,48,0
3家新开的“网红咖啡馆”火速打卡,0,0,0,0,0,0,0,0,0,0,0,0,0,0,0,0,0,0,20,0,0
52岁的伊能静，皮肤紧致身材好，饮食坚持3个原则，轻松瘦了25斤,0,0,0,0,0,0,0,0,0,0,0,0,0,0,0,16,0,0,20,0,0
又想增肌增重又怕长胖，教你两个方法，低体脂下照样练出大肌肉,0,0,0,0,0,0,0,0,0,0,0,0,0,0,0,0,0,0,0,0,0
20多岁就早早进入发福发胖期，远离身材走样，你需要做到2点,1,9,0,0,0,0,0,0,0,0,0,0,0,0,15,0,0,0,0,0,0
大号塑料瓶别扔了，放张光盘在上面还有这妙用，家家户户都用得到,1,0,0,9,0,0,0,0,0,0,0,0,0,0,0,0,16,17,0,0,0
坚持长期慢跑有哪些好处？每天五公里，4大惊喜的变化等着你！,1,0,0,0,10,0,0,0,11,0,0,0,0,0,0,0,0,0,0,48,53
我只是武术界一枚小学生，王庆民在线叫马大师做人，却被嘲单身？,0,0,0,0,0,0,0,0,0,0,0,0,0,0,0,0,0,0,0,0,53
四川尚有3例确诊病例在院隔离治疗,0,0,0,0,0,0,0,0,0,0,0,0,0,0,0,0,0,0,20,0,0
便秘型肠易激综合征与功能性便秘，傻傻分不清？一文带你读懂,0,0,0,0,0,0,0,0,0,0,0,0,0,0,0,0,0,0,0,0,53
戒烟难？这招可以轻松戒烟！,1,0,0,0,0,0,0,0,0,0,0,0,0,0,0,0,0,0,0,48,53
辟谣！隔夜茶有毒，喝了还会致癌？专家给出了答案,1,0,0,0,0,0,0,0,0,0,0,0,0,0,0,0,0,0,0,48,53
乙肝临床急需新药！新研究发现潜在抗乙肝因子―SERINC5,1,0,0,0,0,0,0,0,0,0,0,0,0,0,0,0,0,0,0,48,0
舒兰、牡丹江、绥芬河，新冠疫情怎样了,1,0,0,0,0,0,0,0,0,0,0,0,0,0,0,0,0,0,0,0,0
喝牛尿，埋土里？层出不穷的“印度式抗疫”，再次刷新网友的三观,1,0,0,0,0,0,0,0,0,0,0,0,0,0,0,0,0,0,0,0,53
雷雨马上到！温度暴降！还有钟南山最新提醒……,0,0,9,0,0,0,0,0,0,0,0,0,0,0,0,0,0,0,0,48,0
经常吃大米饭的人，更容易得糖尿病？教你3招放心吃大米饭,1,0,0,0,0,0,10,0,0,0,0,0,0,0,0,0,0,0,20,0,53
如何正确使用吸入剂？并非吸一吸那么简单！,1,0,0,0,0,0,0,0,0,0,0,0,0,0,0,0,0,0,0,48,53
乐扣乐扣PP保鲜盒上海抽查不合格 问题出在标签标识,1,0,0,9,0,0,0,0,0,0,0,0,0,15,0,0,0,0,0,0,0
腐乳中亚硝酸盐含量高，吃了会致癌？营养师：有4种食物需要注意,1,0,0,0,10,10,0,0,11,0,0,13,0,0,0,0,0,0,0,0,53
66个药品品规全国断供？误读！,0,0,0,0,0,0,0,0,0,0,0,0,0,0,0,16,0,0,0,48,53
急！这个“长假”眼睛要废掉了！如何防控近视，专家告诉你！,1,0,0,0,0,0,0,0,0,0,0,0,0,0,0,0,0,0,0,48,0
肝硬化病人如何进行日常护理,1,0,0,0,0,0,0,0,0,0,0,0,0,0,0,0,0,0,0,0,0
夏天到了，新冠病毒传播会减弱吗？,0,0,0,0,0,0,0,0,0,0,0,0,0,0,0,0,0,0,0,0,53
宝宝刚出生，带了个“巨球”比身体还大！接下来一幕惊心动魄,1,0,0,0,0,0,0,0,0,0,0,0,0,0,0,16,0,0,0,48,0
“十人九痔”是小病？痔疮拖久了会癌变？早知道少遭罪,1,0,0,0,0,0,0,10,0,0,0,0,0,0,0,0,0,0,0,0,53
血压高除了合理用药外，还得坚持做好3点，让血压平稳不“飙升”,1,0,0,0,0,0,0,0,0,0,0,0,0,15,0,0,0,0,20,0,0
樱桃，心脏的阿司匹林,1,0,0,0,0,0,0,0,0,0,0,0,0,0,0,0,0,0,0,0,0
酒，成为文化，可能是发明酒的人所始料不及的,1,0,0,0,0,0,10,10,0,0,0,0,0,0,0,0,0,0,0,0,0
人不是越长寿越好，其实能够活到这个岁数，已经很让人羡慕了,0,0,0,0,0,0,10,0,0,0,0,0,0,0,0,0,0,0,0,0,0
白云区人民医院正式独立开展新冠核酸检测,1,0,0,0,0,0,0,0,0,0,0,0,0,0,0,0,0,0,0,0,0
巧用丹参汁加此物，从此“告别”膝盖痛，64岁大爷“健步如飞”,1,0,0,0,0,0,0,0,0,0,0,0,0,0,0,0,0,0,0,0,0
这三个“指标”正常，肿瘤才算治愈了！―抗癌管家-康爱管家,1,0,0,0,0,0,0,0,0,0,0,0,0,0,0,0,0,17,0,48,0
开设戒烟门诊！这家医院运用中西医结合等手段帮人戒烟,1,0,0,0,0,0,0,0,0,0,0,0,0,0,0,0,0,0,0,48,0
今日《科学》亮点：用手机控制基因表达，这是什么黑科技？,1,0,0,0,0,10,0,0,0,11,0,0,0,0,0,0,0,0,0,0,53
新研究！耳朵的秘密，让人吃一惊！看看你是不是长寿耳,1,0,0,0,0,0,10,0,0,0,0,0,0,0,0,0,0,0,0,48,0
乙肝病史多年没在意，医院检查肝功转氨酶1000多，确诊肝癌！,1,0,0,0,0,0,0,0,0,0,0,0,0,0,0,0,0,0,0,48,0
皮肤瘙痒、骨骼变形……是不是它在作怪？,1,0,9,9,0,0,0,0,0,0,0,0,0,0,0,0,0,0,0,0,53
巴西新增逾2.6万例新冠肺炎确诊病例 系单日最大增幅,1,0,0,0,0,0,0,0,0,0,0,0,0,0,0,0,0,0,0,0,0
6月1日起调整！江西疾控重要提醒！,0,0,0,0,0,0,0,0,0,0,0,0,0,0,0,0,0,0,0,48,0
新冠疫情冷知识：呼吸道飞沫体积多大小？,1,0,0,0,0,10,0,0,0,0,0,0,0,0,0,0,0,0,0,0,53
减肥的人看过来，这种食物被称为“减肥利器”，你知道是什么吗？,1,0,0,0,0,0,10,10,0,11,0,0,0,0,0,0,0,0,0,0,53
杭州一对夫妻在面馆吃出一堆蛆虫，店家下一幕的动作让人看呆……,1,0,9,9,0,0,10,0,0,0,0,0,0,0,0,0,0,0,0,0,0
健身小白想要练出好身材，不会制定计划，新手攻略来了！,1,0,0,0,0,0,0,0,0,0,0,0,0,0,0,0,0,0,0,48,0
出生时1斤半，出院时9斤，超早产儿的百日重生记,1,0,0,0,0,0,0,0,0,0,0,0,0,0,0,0,0,0,0,0,0
鸡蛋减肥法，瘦身效果太惊人,0,0,0,0,0,0,0,0,0,0,0,0,0,0,0,0,0,0,0,0,0
中国每年37万人确诊肝癌，医生忠告，预防肝癌，晚上请坚持四不要,1,0,0,0,0,0,0,0,0,0,0,0,0,0,0,0,0,0,0,0,0
上海昨日无新增确诊病例，尚在医学观察中的无症状感染者为0,1,0,0,9,0,0,0,0,0,0,0,0,0,0,0,0,0,0,0,0,0
网友怒了！全家便利店道歉,1,0,0,0,0,0,0,0,0,0,0,0,0,0,0,0,0,0,0,48,0
高血压患者怎么吃？3个饮食原则不重视，别怪血压难控制,1,0,0,0,0,0,0,0,0,0,0,0,0,15,0,16,0,0,20,0,53
鸡蛋减肥法，瘦身效果太惊人,1,0,0,0,0,0,0,0,0,0,0,0,0,0,0,0,0,0,0,0,0
中老年人，睡觉时出现两大表现，或是在暗示你：血液太粘稠了,1,0,0,9,0,10,0,0,0,0,0,0,0,0,0,0,0,0,0,0,0
为什么有的夫妇一直生男孩或者女孩？,1,0,0,0,0,0,0,0,11,11,0,0,0,0,0,0,0,0,0,0,53
《柳叶刀》：中国癌症大数据发布！部分患者5年生存率已超80％,0,0,0,0,0,10,0,0,0,0,0,0,0,0,0,0,0,0,0,48,0
医生：血管堵的人，身上会有3种表现，若你一个也不占，恭喜！,1,0,0,0,0,10,10,0,11,0,0,13,0,15,0,0,0,0,20,48,0
这份榜单美国排第4，中国第79！别再骂体育课了，你家孩子动得太少了,1,0,0,0,10,0,0,0,0,0,0,0,0,0,0,0,0,0,0,48,0
武汉650万人核酸检测结果已曝光，结果令人安心,1,0,0,0,0,0,0,0,0,0,0,0,0,0,0,0,0,0,0,0,0
以为是慢性咽炎，却查出是食道癌，两者该如何区分？,1,0,0,0,0,0,0,10,0,0,0,0,0,0,0,0,0,0,0,0,53
12吨医疗物资飞抵伦敦，南航在汉开通第二条“客改货”航线,1,0,0,9,0,0,0,0,0,0,0,0,0,0,0,0,0,0,0,0,0
老人多做这项运动，提高反应力，防治痴呆！,1,0,0,0,0,0,0,0,0,0,0,0,0,0,0,0,0,0,0,48,0
智利新增3695例新冠肺炎确诊病例，累计超9万例,1,0,0,0,0,0,0,0,0,0,0,0,0,0,0,0,0,0,0,0,0
陶勇上班后再遇曾为自己挡刀的患者，陶勇笑了，看见那双手顿时泪目,1,0,0,0,0,0,0,0,0,0,0,0,0,0,0,0,0,0,0,0,0
群体免疫行不通，但“威力大减”的病毒变体可能是好消息,1,0,0,0,0,0,0,10,0,0,0,0,0,0,0,0,0,0,0,0,0
夏天天热，这个要命的病不能不防,1,0,0,0,0,0,0,0,0,0,0,0,0,0,0,0,0,0,0,0,0
首款国产高端“全自动胚胎冷冻存储系统”通过欧盟CE认证,1,0,0,0,0,0,0,0,0,0,0,0,0,0,0,0,0,0,0,0,0
“并非无所畏惧，而是义不容辞”――记上海浦东国际机场海关疫情防控团队,1,0,0,0,0,0,0,0,0,0,0,0,0,0,0,0,0,0,0,0,0
宝宝奶粉喝到几岁最合适？专家的建议能少花钱，主要是对娃更好,1,0,0,0,0,0,0,10,0,0,0,0,0,0,0,0,0,0,0,0,53
天天把牛奶当水喝，身体会有怎样的变化？别不在意,1,0,0,0,0,0,0,0,11,0,0,0,0,0,0,0,0,0,0,0,53
“蝙蝠女侠”石正丽：新冠病毒不研究，还会来下一次！,1,0,0,0,0,10,0,0,0,0,0,0,0,15,0,0,0,0,0,48,0
最新！中国13所高校被美国列入实体制裁清单,1,0,0,0,0,0,0,0,0,0,0,0,0,0,0,0,0,0,0,48,0
原本健康的孩子，怎么突然就腹泻、乳糖不耐受了？,1,0,0,0,0,0,0,0,0,0,0,0,0,15,15,0,0,0,0,0,53
心脏好不好，脸知道！脸部若有这4种情况，尽快就医检查,1,0,0,0,10,0,0,0,11,0,0,13,0,0,0,0,0,17,0,48,0
孩子，吸烟不酷，请拒绝第一支烟,1,0,0,0,0,0,0,0,0,0,0,0,0,0,0,0,0,0,0,0,0
如果有人隐瞒艾滋，能从表现看出来吗？看完这些或许会有所了解,1,0,0,0,0,0,0,0,0,0,0,0,0,0,0,0,0,0,0,0,53
确保返校学生食品安全，清远开展联合督导检查,1,0,0,0,0,0,0,0,0,0,0,0,0,0,0,0,0,0,0,0,0
几点睡觉才叫“熬夜”呢？专家给出“答案”，并非你想的那样！,1,0,0,0,0,0,0,0,0,0,0,0,0,0,0,0,0,0,0,48,53
对不起，仅有一张心电图，我无法诊病！,1,0,0,0,0,0,0,0,11,0,0,0,0,0,0,0,0,0,0,48,0
14种被吹上天却没啥用的食物，快来看看！,1,0,0,0,0,0,0,0,0,0,0,13,0,0,0,0,0,0,0,48,0
睡前在腋下夹一瓶矿泉水，神奇的效果发生了……,1,0,9,9,0,0,0,0,0,0,0,0,0,0,0,0,0,0,0,0,0
钟南山、李兰娟等专家呼吁：不要吸烟！吸烟者更有可能得新冠肺炎、肺癌等病,1,0,0,0,0,10,0,0,11,0,0,0,0,0,0,0,0,0,0,48,0
一喝牛奶就拉肚子？怪牛奶还是怪你自己？这四招能破解,1,0,0,0,0,0,0,0,0,0,0,0,0,0,15,0,0,17,0,0,53
KRAS，TIGIT，CD47……这些热门靶点的最新进展你都知道么？,1,0,9,0,0,0,0,0,0,0,0,0,0,0,0,0,16,0,0,0,53
降低复发/死亡风险83％，阿斯利康泰瑞沙治疗早期肺癌3期结果惊艳,1,0,0,0,0,0,0,0,0,0,0,0,0,0,0,0,0,0,20,0,0
2020长沙健康生活节5月31日启动，12位名医现场义诊,1,0,0,0,0,0,0,0,0,0,0,0,0,0,0,0,0,0,0,0,0
小时候，你吃过哪些奇奇怪怪的食物？,1,0,0,0,0,0,0,0,0,0,0,0,0,0,0,0,0,0,0,0,53
诅咒、羞辱与污名……女性有可能告别月经吗？,1,0,9,0,0,0,0,0,11,0,0,0,0,0,0,0,0,0,0,0,53
地坛医院发表论文：50岁及以上患者发生危重症风险高,1,0,0,0,0,10,0,0,0,0,0,0,0,0,0,0,0,0,0,0,0
6月1日起预约！海口第三批九价宫颈癌疫苗来了,1,0,0,0,0,0,0,0,0,0,0,0,0,0,0,0,0,0,0,48,0
正常人肺部有结节吗？肺部有结节严重吗？看完这篇文章您就明白了,1,0,0,0,0,0,0,0,11,0,0,0,0,0,15,0,0,17,0,0,53
一到夏天就容易拉肚子，跟哪些原因有关？别乱吃药，需找对病因,1,0,0,0,0,0,0,0,0,0,0,0,0,0,15,0,0,0,0,0,53
电子烟更安全？它的致癌物比烟草花样更多,1,0,0,0,0,0,0,0,0,0,0,0,0,0,0,0,0,0,0,0,53
淮安医院一14岁女孩肚子变大，家长以为是长胖！医生检查发现……,1,0,9,0,0,0,0,10,0,0,0,0,0,0,0,0,0,0,0,48,0
臭臭的螺蛳粉，为什么无数人爱吃？在线测评揭秘真相！,1,0,0,0,0,0,0,0,0,11,0,0,0,0,0,0,0,0,0,48,53
不满足于在抖音看“老鲜肉”，老年健身开始动真格了,1,0,0,9,0,0,0,0,0,0,0,0,0,15,0,0,0,0,0,0,0
【疫情通报】玉林市5月29日新冠肺炎疫情情况,1,0,0,0,0,0,0,0,0,0,0,0,0,0,0,0,0,0,0,0,0
快到模糊！这40秒“漂移”实在值得点赞,1,0,0,0,0,0,0,0,0,0,0,0,0,0,0,0,0,17,0,48,0
20万人用药错误死亡，九成居民用药不合理，家庭药师真的有用吗？,1,0,0,0,0,0,0,0,0,0,0,0,0,0,0,0,0,0,0,0,53
鄞州人民医院为恶性肿瘤患者带去希望,1,0,0,0,0,0,0,0,0,0,0,0,0,0,0,0,0,0,0,0,0
快到模糊！这40秒“漂移”实在值得点赞,1,0,0,0,0,0,0,0,0,0,0,0,0,0,0,0,0,17,0,48,0
20万人用药错误死亡，九成居民用药不合理，家庭药师真的有用吗？,1,0,0,0,0,0,0,0,0,0,0,0,0,0,0,0,0,0,0,0,53
鄞州人民医院为恶性肿瘤患者带去希望,1,0,0,0,0,0,0,0,0,0,0,0,0,0,0,0,0,0,0,0,0
关于手足口病你知道多少？,1,0,0,0,0,0,0,0,0,0,0,0,0,0,0,0,0,0,0,0,53
日常容易流鼻血怎么回事？医生：或是这6种原因引起，注意规避,1,0,0,0,0,10,0,0,0,0,0,13,0,0,0,0,0,17,0,0,53
团省委：凉山先心病患儿义诊 两天筛查超5500人,1,0,0,0,0,10,10,0,0,0,0,0,0,0,0,0,0,0,0,0,0
关于血液，你可能不知道的几个奥秘！,1,0,0,0,0,0,0,0,0,0,0,0,0,15,0,0,0,0,0,48,0
苏木加白酒热敷，半月膝盖不痛了，滑膜炎、关节积液也“再见”了,1,0,0,0,0,0,0,0,0,0,0,0,0,0,0,0,0,0,0,0,0
世界无烟日！为了无烟的合川，和我们一起做一名控烟倡导者！,1,0,0,0,0,0,0,0,0,0,0,0,0,0,0,0,0,0,0,48,0
黄璐琦战疫归来 誓用中国办法保护中国人,1,0,0,0,0,0,10,0,0,0,0,0,0,0,0,0,0,0,0,0,0
枸杞、红枣养生吃法排行榜，前3竟没有泡水！多少人白白浪费了好东西,1,0,0,0,0,0,10,0,0,0,0,0,0,0,0,0,0,0,20,48,0
洋头口社区健康驿站投用 可免费检测血糖等,1,0,0,0,0,0,0,0,0,0,0,0,0,0,0,0,0,0,0,0,0
我儿科门诊那个便血的孩子最后怎么样了？,1,0,0,0,0,0,0,0,0,0,0,0,0,0,0,0,0,0,0,0,53
想防癌？或可多吃这4种食物，癌细胞见你都会“绕道走”,1,0,0,0,10,0,0,0,0,0,0,13,0,0,0,0,16,17,0,0,53
肝癌非常隐匿不易发现，专家：早期2处疼，暗示肝癌“近在咫尺”,1,9,0,0,0,10,0,0,0,0,0,0,0,0,0,0,0,0,0,0,0
武汉核酸检测现场，八旬老人听音认出15年前救命恩人,1,0,0,0,0,0,0,0,0,0,0,0,0,0,0,0,0,0,0,0,0
便秘、腹痛反复发作，你真的了解便秘型肠易激综合征吗？,1,0,0,0,0,0,0,0,0,0,0,0,0,0,0,0,0,0,0,0,53
吃素，到底毁了多少人！错误的“清淡饮食”有多可怕,1,0,0,0,0,0,10,0,11,0,0,0,0,0,0,0,0,0,0,48,0
失眠的怀孕妈妈该怎么办？一次搞懂怀孕失眠的4大原因！,1,0,0,0,10,0,0,0,0,0,0,0,0,0,0,0,0,0,0,48,53
广而告之：若不想与尿毒症“牵手”，还请远离这4个行为,1,0,0,0,10,10,0,0,0,0,0,0,0,0,0,16,0,17,0,0,0
糖尿病会引发抑郁？心理专家总结的4个“强心”建议，快收藏,1,0,0,0,10,0,0,0,0,0,0,0,0,0,0,16,0,0,0,0,53
胃病与胰腺癌要区分好！若总有这3个异常，或是胰腺癌来“敲门”,1,0,0,0,0,0,0,0,0,0,0,0,0,0,0,16,0,17,20,48,0
为什么跑步是很低效的减肥运动？因为减肥去运动，一开始就错了,1,0,0,0,0,0,0,10,0,11,0,0,0,0,15,0,0,0,0,0,53
这种病的传染性不亚于新冠肺炎，目前已进入高发期，务必做好防范,1,0,0,0,0,0,0,0,0,0,0,0,0,0,0,0,0,0,0,0,0
超声胃镜早期发现“癌王”,1,0,0,0,0,0,0,0,0,0,0,0,0,0,0,0,0,0,0,0,0
盛唐气象谁奠基？“盛唐密码”可以从这部法律中寻找,1,0,0,0,0,0,0,0,0,0,0,0,0,0,0,0,0,0,0,0,53
诸葛亮真是山野村夫吗？刘备有了他，才算真正融入荆州上流社会,1,0,0,0,0,0,0,0,11,0,0,0,0,0,0,0,0,0,0,0,53
平和南胜大矾山发现高地石垒，或与郑成功军队有关！,1,0,0,0,0,0,0,0,0,0,0,0,0,0,0,0,0,0,0,48,0
狄青身为北宋一代名将，真的比岳飞还冤？宋仁宗：幸好遇见了我,1,0,0,0,0,10,0,0,0,0,0,0,0,0,0,0,0,0,0,0,53
平和南胜大矾山发现高地石垒，或与郑成功军队有关！,1,0,0,0,0,0,0,0,0,0,0,0,0,0,0,0,0,0,0,48,0
大明中期几十万大军鏖战，双方阵亡仅几十人！,1,0,0,0,0,0,0,0,0,0,0,0,0,0,0,0,0,0,0,48,0
同样都是纸币，为何古代银票很少有人造假？你看上面12字，咋造啊,1,0,0,0,0,0,0,10,0,0,0,0,0,0,0,0,16,0,0,0,53
12岁男孩统领3万童子军，扬言要征服亚洲，不料半路被贩卖成奴隶,1,0,0,0,0,0,0,0,0,0,0,0,0,0,0,0,0,0,20,0,0
河南中牟：《黄河赵口闸的由来》,1,0,0,0,0,10,0,0,0,0,0,0,0,0,0,0,0,0,0,0,0
雍正帝驾崩时，为何嘱咐乾隆要善待果亲王？专家：他活着皇位才稳,1,0,0,0,0,10,0,0,0,0,0,0,0,0,0,0,0,0,0,0,53
她本可成为“欧洲武则天”，却被丈夫摧残成疯女，被儿子圈禁33年,1,0,0,0,0,0,0,0,0,0,0,0,0,0,0,0,0,0,0,0,0
排名第十位的梁山好汉：击败金军救出宋高宗，前往六和寺探望武松,1,0,0,0,0,10,0,0,0,0,0,0,0,0,0,0,0,0,0,0,0
为何在宋代，“寒门出贵子”成为一种普遍现象,1,0,0,9,0,0,0,0,0,0,0,0,0,0,0,0,0,0,0,0,0
古代的史官是如何创作《春秋》的？,1,0,0,0,0,0,0,10,0,0,0,0,0,0,0,0,0,0,0,0,53
各有招数！五国博物馆馆长谈如何防疫,1,0,0,0,0,0,0,0,0,0,0,0,0,0,0,0,0,0,0,48,0
蔡锷的一生，干了两件大事，爱了三个女人,1,0,0,0,0,0,0,0,0,0,0,0,0,0,0,0,0,0,0,0,0
南京太平天国历史博物馆一瞥,1,0,0,0,0,0,0,0,0,0,0,0,0,0,0,0,0,0,0,0,0
哥哥太穷妹妹太丑，两人干脆结婚，生下一子天下闻名,1,0,0,0,0,0,0,0,0,0,0,0,0,0,0,0,0,0,0,0,0
它们点亮宁波史前文明！四明大地，河姆渡文化谱系遗址有哪些,1,0,0,0,0,0,0,0,11,0,0,0,0,0,0,0,0,0,0,48,0
富金壁：以鼓为缶，指鹿为马――北京奥运会开幕式上的误会,1,0,0,0,0,10,0,0,0,0,0,0,0,0,0,0,0,0,0,0,0
日本最奇特的3大姓氏，女孩怎么取名都不好听，网友：像是在骂人,1,0,0,9,0,10,0,0,0,0,0,0,0,0,0,0,16,0,20,0,0
大禹治水：近古社会走出了洪水劫难,1,0,0,0,0,10,0,0,0,0,0,0,0,0,0,0,0,0,0,0,0
超级藏心术，商鞅为什么会打动秦孝公,1,0,0,0,0,0,0,0,0,11,0,0,0,0,0,0,0,0,0,0,0
有远见的父母，都舍不得让孩子太“懂事”,1,0,0,0,0,0,0,0,0,0,0,0,0,0,0,0,16,0,0,0,0
中国人是水雷的发明人和最早使用人，比欧美国家早两个多世纪！,1,0,0,0,0,0,10,10,0,0,0,0,0,0,0,0,0,0,0,48,0
金、银骆驼的文物价值,1,0,0,0,0,0,0,0,0,0,0,0,0,0,0,0,0,0,0,0,0
鲁国史话六：明明是给儿子娶妻，惠公自己反倒是获得了美好姻缘,1,0,0,0,0,10,0,10,0,0,0,0,0,0,0,0,0,0,0,0,0
吕成贵向中华长城博物馆捐赠长城文物藏品166件,1,0,0,0,0,0,0,0,0,0,0,0,0,0,0,0,0,0,0,0,0
古代宁死不屈的三位猛将，一人死于关羽之手，另一人成为城隍,1,0,0,0,0,0,0,0,0,0,0,0,0,0,0,0,0,0,0,0,0
非要攻下城池？绕过去直奔目标不行吗？专家：绕了就死,1,0,0,0,0,10,0,0,0,0,0,0,0,0,15,0,0,0,0,0,53
这三国美国直呼惹不起：两个打得有阴影，一个“宠”得像公主,1,0,0,0,0,10,0,0,11,0,0,0,0,0,0,0,0,17,0,0,0
他是明朝太监，为何却能让顺治为他修墓，康熙为他立碑？,1,0,0,0,0,0,0,10,0,0,0,0,0,0,0,0,0,0,0,0,53
西夏王陵中出土11件同类文物，它是最特别的，被誉为国之重宝,1,0,0,0,0,0,0,10,0,0,0,0,0,0,0,0,0,0,0,0,0
最后投降的日本兵，潜伏深山30年，期间打伤130人，1974年才肯投降,1,0,0,0,0,0,10,0,0,0,0,0,0,0,0,0,0,0,0,0,0
《却将谈笑洗苍凉》 回到现场，踏勘光绪朝政事,1,0,0,0,0,0,0,0,0,0,0,0,0,0,0,0,0,0,0,0,0
《雍正王朝》中八王议政逼宫，如果十三爷不来，雍正能翻盘吗？,1,0,0,0,0,0,0,0,0,0,0,0,0,0,0,0,0,0,0,0,53
曹操当年杀华佗真的是因为多疑吗？终于明白，曹操才是最睿智的人,1,0,0,0,0,0,10,10,0,0,0,0,0,0,0,0,0,0,0,0,53
刘备为何要任命关羽镇守荆州，难道就没有人比他更合适吗？,1,0,0,0,0,0,0,0,0,0,0,0,0,0,15,0,0,0,0,0,53
蒙古国深居内陆，为何也可以说是世界上最安全的国家？,1,0,0,0,0,0,0,10,0,0,0,0,0,0,0,0,0,0,0,0,53
蒙古国深居内陆，为何也可以说是世界上最安全的国家？,1,0,0,0,0,0,0,10,0,0,0,0,0,0,0,0,0,0,0,0,53
广西一个小县，人们都说湖南话，为何要从湖南划入广西呢？,1,0,0,0,0,0,0,0,0,0,0,0,0,0,0,0,16,0,0,0,53
一百多年前，法国人拍下了真实的清朝，别再被电视剧骗了,1,0,0,0,0,0,0,0,0,0,0,0,0,0,0,0,0,0,0,0,0
德国二战为何不灭掉英国？希特勒一直在还恩情，还想尽办法，故意出错！,1,0,0,9,0,0,0,0,0,0,0,0,0,15,0,0,0,0,0,48,53
凤阳人民的儿子,1,0,0,0,0,0,0,0,0,0,0,0,0,0,0,0,0,0,0,0,0
狄青身为北宋一代名将，真的比岳飞还冤？宋仁宗：幸好遇见了我,1,0,0,0,0,10,0,0,0,0,0,0,0,0,0,0,0,0,0,0,53
蜀汉灭亡的原因是什么？刘备称帝前一大失误，提前给国家判了死刑,1,0,0,0,0,0,0,10,0,11,0,0,0,0,0,0,0,0,0,0,53
多尔衮为何不敢做皇帝？皇太极故意设局，他早已看透，最后却抱憾终身！,1,0,0,0,0,0,0,0,0,0,0,0,0,0,0,0,0,0,0,48,53
他60岁才参加抗日，没打过一个鬼子却被授予中将，还有一个特权,1,0,0,0,0,0,0,0,0,0,0,0,0,0,0,0,0,0,0,0,0
武则天非常端庄，唯独这个人让她仪态尽失，不久后她活活将其逼死,1,0,0,0,0,0,10,0,0,0,0,0,0,0,0,0,0,0,0,0,0
慈禧西逃后，日本人拍下了当时的紫禁城，让人难以置信,1,0,0,0,0,0,10,0,0,0,0,0,0,0,0,0,0,0,0,0,0
管子14法禁原文及白话文-荀卿庠读书会整理,1,0,0,0,0,0,0,0,0,0,0,0,0,0,0,0,0,0,0,0,0
拳打“五斗米道”教主孙恩，脚踢大楚皇帝桓玄，刘裕竟然这么能打？,1,0,0,0,0,0,0,0,0,0,0,0,0,0,0,0,0,0,0,0,53
宋庆龄在北京病逝,1,0,0,9,0,0,0,0,0,0,0,0,0,0,0,0,0,0,0,0,0
她是雍正的弟媳，不小心生下大清公主，富贵一生活到78岁,1,0,0,0,0,0,0,10,0,0,0,0,0,15,0,0,0,0,0,0,0
法国卢浮宫将于7月6日重新开放,1,0,0,0,0,0,0,0,0,0,0,0,0,0,0,0,0,0,0,0,0
仁义的刘备不仅夺人地盘，还夺人嫂嫂,1,0,0,0,0,0,0,0,0,0,0,0,0,0,0,0,0,0,0,0,0
大话降龙：降龙三人吃下丹药后变得成帅，“携手拦腕”一起迎接北欧公主？,1,0,0,0,0,10,0,0,0,0,0,0,0,0,0,0,0,0,0,0,53
现代人说慈禧长得很丑，当时的人却都认为慈禧貌美如花，为什么？,1,0,0,0,0,0,10,0,0,11,0,0,0,0,0,0,16,0,0,0,53
西方国家尊重英雄？大错特错，信了就中计了，切・格瓦拉就是典型,1,0,0,0,0,0,0,0,0,0,0,0,0,0,15,0,0,0,0,0,53
陕西工人捡到一把古剑，商人出20万不卖，自愿上交后为何后悔了？,1,0,0,0,0,0,0,0,0,0,0,0,0,0,0,0,0,0,0,0,53
蜀汉灭亡的原因是什么？刘备称帝前一大失误，提前给国家判了死刑,1,0,0,0,0,0,0,10,0,11,0,0,0,0,0,0,0,0,0,0,53
抗战时期，驻扎东北的日本关东军究竟有多少人？,1,0,0,0,0,0,10,0,11,0,0,0,0,0,0,0,0,0,0,0,53
评出你心中最厉害大明的内阁首辅大臣？,1,0,0,0,0,0,0,0,0,0,0,0,0,0,0,0,0,0,0,0,53
短命不育的西汉皇帝，让赵飞燕姐妹丢了性命又背负骂名,1,0,0,0,0,0,0,0,0,0,0,0,0,0,0,0,0,0,0,0,0
梁山中最大的卧底，害死青面兽杨志，最后被鲁智深击杀,1,0,0,0,0,0,0,0,0,0,0,0,0,0,0,0,0,0,0,0,0
最好的历史和文化就是你还在其中生活着，西安的街路名独一无二！,1,0,0,9,0,0,0,0,0,0,0,0,0,0,0,0,0,0,0,48,0
噩耗：波斯王子客死中国，已经留下无穷隐患,1,0,0,0,0,10,0,0,0,0,0,0,0,0,0,0,0,0,0,0,0
她是宋仁宗女儿，历经七朝，因偏心长子被宋高宗骂不要脸,1,0,0,0,0,0,0,10,0,0,0,0,0,0,0,0,0,0,0,0,0
隋末唐初的五大猛将，都是正史记载，武力高强的猛将,1,0,0,0,0,0,0,10,0,0,0,0,0,0,0,0,16,0,0,0,0
何鸿鲆环蛩钠廾挥蟹阜吗？他遵循的是清朝律例,1,0,0,0,0,0,0,10,0,0,0,0,0,0,0,0,0,0,0,0,53
《水浒》好汉前30名排行，梁山只占8人，卢俊义屈居第二,1,0,0,0,0,0,10,0,0,0,0,0,0,0,0,0,0,0,0,0,0
严厉海禁：日本诸侯内斗殃及池鱼，明代倭寇海患之谜,1,0,0,0,0,10,0,0,0,0,0,0,0,0,0,0,0,0,0,0,0
备案申请通过 北京二锅头酒博物馆有了正式身份,1,0,0,0,0,0,0,0,11,0,0,0,0,0,0,0,0,0,0,0,0
